broker_cmds_per_task,completed,disrupted_at_s,duplicates,e2e_max_ms,e2e_p50_ms,e2e_p95_ms,e2e_p99_ms,elapsed_seconds,enqueue_rate,enqueue_seconds,exec_max_ms,exec_p50_ms,exec_p95_ms,exec_p99_ms,executions,failed_attempts,killed_clients,kind,lost,not_completed,outstanding,profile,recovery_seconds,redis_cpu_seconds,redis_mem_peak_mb,redis_net_in_mb,redis_net_out_mb,rep,run_dir,sched_lateness_p50_ms,sched_lateness_p95_ms,sched_lateness_p99_ms,settings,start_max_ms,start_p50_ms,start_p50_ms[bulk],start_p50_ms[normal],start_p50_ms[urgent],start_p95_ms,start_p99_ms,start_p99_ms[bulk],start_p99_ms[normal],start_p99_ms[urgent],system,tasks,throughput,worker_cpu_pct_mean,worker_cpu_seconds,worker_rss_peak_mb,workload
4.45285,20000,,0,15.276813999662409,1.8137669999305217,2.4327171499407996,2.732673089485611,7.509599132000403,2663.571384697208,7.508715597000446,0.11277700014034053,0.0018239998098579235,0.0028149997888249345,0.003415999353819643,20000,0,,noop,0,0,0,A-alo,,2.1506449999999973,2.595624,7.313362,4.284479,0,suite-20260929T211306Z,,,,"{""concurrency"": 16, ""mode"": ""reliable"", ""processes"": 1, ""producer"": ""sync"", ""style"": ""sync"", ""system"": ""blitzq"", ""visibility_timeout"": 10}",15.272144999471493,1.812054500078375,,,,2.4303298001541407,2.730524429880457,,,,blitzq,20000,2663.2580046483,96.07714285714286,8.45,38.363136,noop
10.01565,20000,,0,12217.26524099995,6339.323031999811,11660.95323800023,12095.523824919856,22.70515182700001,1906.8676547175767,10.488404872000501,0.10861900045711081,0.00181299947143998,0.003377000211912673,0.004579000233206898,20000,0,,noop,0,0,0,A-alo,,4.735106999999999,13.786384,50.807541,22.349496,0,suite-20260929T211306Z,,,,"{""acks_late"": true, ""concurrency"": 16, ""pool"": ""prefork"", ""prefetch"": 4, ""processes"": 1, ""producer"": ""sync"", ""system"": ""celery"", ""visibility_timeout"": 10}",12217.26231499997,6339.31982050035,,,,11660.951709399797,12095.522159620166,,,,celery,20000,880.8573557397156,97.61052631578947,23.52,780.96384,noop
10.01655,20000,,0,13101.536531999955,6965.756727499411,12534.123575100282,13002.184872280304,24.288850002999425,1787.626210203604,11.188021234999724,0.18941400048788637,0.0018240007193526253,0.003997049998361034,0.005309999332894222,20000,0,,noop,0,0,0,A-alo,,5.002015999999983,13.871664,50.808143,22.358521,1,suite-20260929T211306Z,,,,"{""acks_late"": true, ""concurrency"": 16, ""pool"": ""prefork"", ""prefetch"": 4, ""processes"": 1, ""producer"": ""sync"", ""system"": ""celery"", ""visibility_timeout"": 10}",13101.53422700023,6965.754988999834,,,,12534.12153354975,13002.183401459859,,,,celery,20000,823.4230932106791,98.8019801980198,25.330000000000002,774.815744,noop
4.43655,20000,,0,13.986142000248947,1.8778089997795178,2.5220544506737492,2.8546067897786935,7.6561328220004725,2612.6068366095933,7.6551893380001275,0.1508899995315005,0.001842999608925311,0.003065999408136122,0.0040679997255210765,20000,0,,noop,0,0,0,A-alo,,2.1726700000000108,2.613912,7.306621,4.281464,1,suite-20260929T211306Z,,,,"{""concurrency"": 16, ""mode"": ""reliable"", ""processes"": 1, ""producer"": ""sync"", ""style"": ""sync"", ""system"": ""blitzq"", ""visibility_timeout"": 10}",13.981744000375329,1.875962000212894,,,,2.5197048999871186,2.8525230899867826,,,,blitzq,20000,2612.2848786698814,95.0888888888889,8.610000000000001,38.35904,noop
4.42585,20000,,0,13.859374999810825,1.8794729999171977,2.592100549782117,3.0127806300606608,7.680329451000034,2604.633945457601,7.6786221860002115,0.14385599934030324,0.0017940001271199435,0.003076000211876817,0.004368010195321402,20000,0,,noop,0,0,0,A-alo,,2.1771260000000154,2.594512,7.30194,4.277755,2,suite-20260929T211306Z,,,,"{""concurrency"": 16, ""mode"": ""reliable"", ""processes"": 1, ""producer"": ""sync"", ""style"": ""sync"", ""system"": ""blitzq"", ""visibility_timeout"": 10}",13.853755000127421,1.8776309998429497,,,,2.590066299399041,3.008736380106711,,,,blitzq,20000,2604.054959829341,95.38055555555556,8.629999999999999,38.785024,noop
10.01595,20000,,0,12887.14947599965,6436.969245499768,12079.510174499954,12751.090709010232,23.404717952999817,1901.4506487012895,10.518285086000105,0.17939400004252093,0.0017340007616439834,0.003656999979284592,0.005199999586693593,20000,0,,noop,0,0,0,A-alo,,4.849056999999988,13.812424,50.848088,22.372828,2,suite-20260929T211306Z,,,,"{""acks_late"": true, ""concurrency"": 16, ""pool"": ""prefork"", ""prefetch"": 4, ""processes"": 1, ""producer"": ""sync"", ""system"": ""celery"", ""visibility_timeout"": 10}",12887.148124000305,6436.966911000127,,,,12079.506166349527,12751.087754930668,,,,celery,20000,854.5285630086634,98.92680412371134,24.35,777.629696,noop
10.01615,20000,,0,12484.081493000303,6457.324779499686,11921.025803099972,12370.052515719997,23.33155470299971,1843.6726874987628,10.847912503999396,0.16275200050586136,0.0018929995349026285,0.003587450692066334,0.004789999375134357,20000,0,,noop,0,0,0,A-alo,,4.853529999999978,13.716344,50.848866,22.374524,3,suite-20260929T211306Z,,,,"{""acks_late"": true, ""concurrency"": 16, ""pool"": ""prefork"", ""prefetch"": 4, ""processes"": 1, ""producer"": ""sync"", ""system"": ""celery"", ""visibility_timeout"": 10}",12484.079579000536,6457.323391499813,,,,11921.0244448494,12370.05005261004,,,,celery,20000,857.2081995645418,97.60918367346939,24.270000000000003,774.623232,noop
4.41715,20000,,0,15.346335999311123,1.905314500163513,2.7098399993974445,3.370986540230649,7.789131728999564,2568.229553914227,7.7874658709997675,0.2451130003464641,0.0018430000636726618,0.0033460000850027427,0.0051399993117229315,20000,0,,noop,0,0,0,A-alo,,2.2204299999999932,2.612408,7.291233,4.276295,3,suite-20260929T211306Z,,,,"{""concurrency"": 16, ""mode"": ""reliable"", ""processes"": 1, ""producer"": ""sync"", ""style"": ""sync"", ""system"": ""blitzq"", ""visibility_timeout"": 10}",15.341726999395178,1.903325999592198,,,,2.707599100176594,3.3667050703115664,,,,blitzq,20000,2567.680287847539,94.0,8.740000000000002,38.977536,noop
4.4323,20000,,0,15.072467999743822,1.9140700001116784,2.6689159008128627,3.142332519719275,7.850492131000465,2548.057985248261,7.849114940000618,0.1534650000394322,0.001943000370374648,0.0036170004023006186,0.0051490096575435,20000,0,,noop,0,0,0,A-alo,,2.2199880000000007,2.592424,7.312417,4.28153,4,suite-20260929T211306Z,,,,"{""concurrency"": 16, ""mode"": ""reliable"", ""processes"": 1, ""producer"": ""sync"", ""style"": ""sync"", ""system"": ""blitzq"", ""visibility_timeout"": 10}",15.067569000166259,1.9124539999211265,,,,2.666576200635973,3.1381996700383707,,,,blitzq,20000,2547.6109861982886,94.93513513513513,8.829999999999998,38.916096,noop
10.017,20000,,0,12870.3721210004,6600.769090000085,12218.6312425506,12738.910440619973,24.508017527999982,1718.4728640561948,11.638240217999737,0.20327000038378173,0.002054000105999876,0.004508050506046856,0.005871000212209765,20000,0,,noop,0,0,0,A-alo,,5.059985000000012,13.862088,50.84855,22.380303,4,suite-20260929T211306Z,,,,"{""acks_late"": true, ""concurrency"": 16, ""pool"": ""prefork"", ""prefetch"": 4, ""processes"": 1, ""producer"": ""sync"", ""system"": ""celery"", ""visibility_timeout"": 10}",12870.369076000316,6600.766915500117,,,,12218.629790550176,12738.908409129654,,,,celery,20000,816.0594783788754,99.80980392156863,25.840000000000003,775.241728,noop
1.8189,20000,,0,13.312258000041766,1.2298080000618938,1.6961190999154496,2.0371395396705334,7.4984879000003275,2667.4103125650036,7.497909079000237,0.13242400018498302,0.0020439993022591807,0.003015999936906155,0.004096999873581808,20000,0,,noop,0,0,0,A-amo,,1.8161610000000223,2.583008,3.600141,2.321912,0,suite-20260929T211306Z,,,,"{""concurrency"": 16, ""mode"": ""fast"", ""processes"": 1, ""producer"": ""sync"", ""style"": ""sync"", ""system"": ""blitzq"", ""visibility_timeout"": 10}",13.306726999871898,1.2277494993213622,,,,1.6937422500632235,2.0348702000228505,,,,blitzq,20000,2667.2044106384606,98.32571428571428,8.65,38.744064,noop
10.0163,20000,,0,12839.222860000518,6177.771354499782,11997.866581049948,12661.409642089327,23.585477229999924,1861.037350640403,10.74669457500022,0.15799300035723718,0.0018540004020906053,0.003997000021627173,0.005289999535307288,20000,0,,noop,0,0,0,A-amo,,4.940093999999988,13.587248,50.848305,22.375546,0,suite-20260929T211306Z,,,,"{""acks_late"": false, ""concurrency"": 16, ""pool"": ""prefork"", ""prefetch"": 4, ""processes"": 1, ""producer"": ""sync"", ""system"": ""celery"", ""visibility_timeout"": 10}",12839.220866000687,6177.769510999951,,,,11997.865181500218,12661.407437469787,,,,celery,20000,847.9794495979365,97.99898989898989,24.62,781.869056,noop
10.01575,20000,,0,12454.198355000699,6297.608702000616,11796.703958650369,12325.675229310462,23.113683911000408,1876.1818207070744,10.659947654999996,0.2596180002001347,0.0020739998944918625,0.004307999915909022,0.005291089973979965,20000,0,,noop,0,0,0,A-amo,,4.876560000000012,13.652736,50.847962,22.371055,1,suite-20260929T211306Z,,,,"{""acks_late"": false, ""concurrency"": 16, ""pool"": ""prefork"", ""prefetch"": 4, ""processes"": 1, ""producer"": ""sync"", ""system"": ""celery"", ""visibility_timeout"": 10}",12454.196812000191,6297.605857000235,,,,11796.70044175009,12325.673534650312,,,,celery,20000,865.2882888340216,99.52499999999999,24.25,783.130624,noop
1.82655,20000,,0,13.165759000003163,1.2096014997950988,1.607140200167123,1.8649355099842064,7.336126002000128,2726.477636325841,7.335471868000241,0.09648500054026954,0.0020240004232618958,0.002804999894578941,0.0033059996076190146,20000,0,,noop,0,0,0,A-amo,,1.7824840000000108,2.562424,3.607077,2.322657,1,suite-20260929T211306Z,,,,"{""concurrency"": 16, ""mode"": ""fast"", ""processes"": 1, ""producer"": ""sync"", ""style"": ""sync"", ""system"": ""blitzq"", ""visibility_timeout"": 10}",13.161220999791112,1.2075720001121226,,,,1.6051518497533832,1.8627740697411337,,,,blitzq,20000,2726.234526853435,96.52857142857142,8.49,38.608896,noop
1.81445,20000,,0,13.951331000498612,1.2260049998076283,1.6981043498162762,2.0553313000709745,7.411239027000192,2698.827194874252,7.410626378000416,0.22598300074605504,0.002054000105999876,0.003076000211876817,0.004128000000491738,20000,0,,noop,0,0,0,A-amo,,1.7929220000000043,2.57444,3.596117,2.321476,2,suite-20260929T211306Z,,,,"{""concurrency"": 16, ""mode"": ""fast"", ""processes"": 1, ""producer"": ""sync"", ""style"": ""sync"", ""system"": ""blitzq"", ""visibility_timeout"": 10}",13.946252000096138,1.2240900000506372,,,,1.6954431502654186,2.05129233014304,,,,blitzq,20000,2698.6040967154304,97.34285714285714,8.57,38.817792,noop
10.0155,20000,,0,11962.78386999984,6252.346193500671,11403.106100750301,11848.379367250282,22.663310975999593,1868.9845930713414,10.700997789999747,0.20606499947461998,0.0019339995560585521,0.0038970001696725376,0.004780000381288119,20000,0,,noop,0,0,0,A-amo,,4.799732000000006,13.719368,50.847509,22.367961,2,suite-20260929T211306Z,,,,"{""acks_late"": false, ""concurrency"": 16, ""pool"": ""prefork"", ""prefetch"": 4, ""processes"": 1, ""producer"": ""sync"", ""system"": ""celery"", ""visibility_timeout"": 10}",11962.782587999754,6252.344465000533,,,,11403.104611699746,11848.377772740294,,,,celery,20000,882.4835886150953,99.54787234042553,23.740000000000002,778.625024,noop
10.0158,20000,,0,11959.296324000206,6443.055627500144,11402.331082449973,11851.797861239147,22.973217810999813,1815.8044202848841,11.014402088999304,0.20302899974922184,0.002093999682983849,0.004248000550433062,0.00538999939635687,20000,0,,noop,0,0,0,A-amo,,4.856115999999986,13.60948,50.848246,22.371065,3,suite-20260929T211306Z,,,,"{""acks_late"": false, ""concurrency"": 16, ""pool"": ""prefork"", ""prefetch"": 4, ""processes"": 1, ""producer"": ""sync"", ""system"": ""celery"", ""visibility_timeout"": 10}",11959.294700999635,6443.0530329996145,,,,11402.32900645028,11851.795961149273,,,,celery,20000,870.5789569636951,99.01458333333333,24.12,778.801152,noop
1.82925,20000,,0,14.789478999773564,1.2460664993341197,1.7400347494913146,2.0970935099830963,7.66815924399998,2608.443647484513,7.667407351999827,0.09105500066652894,0.0022039994291844778,0.003347000529174693,0.0048091005191963476,20000,0,,noop,0,0,0,A-amo,,1.8594209999999975,2.587952,3.610128,2.325917,3,suite-20260929T211306Z,,,,"{""concurrency"": 16, ""mode"": ""fast"", ""processes"": 1, ""producer"": ""sync"", ""style"": ""sync"", ""system"": ""blitzq"", ""visibility_timeout"": 10}",14.784729999519186,1.2436400002115988,,,,1.73727475043961,2.093925289909747,,,,blitzq,20000,2608.187879724743,97.91111111111111,8.86,38.785024,noop
1.8307,20000,,0,14.22381599968503,1.2120099995627243,1.6520566002327541,1.9460045199139115,7.437544541999159,2689.3693057646037,7.436687834999248,0.176398999428784,0.0021239993657218292,0.002976000359922182,0.003656999979284592,20000,0,,noop,0,0,0,A-amo,,1.8079919999999845,2.569256,3.610969,2.325013,4,suite-20260929T211306Z,,,,"{""concurrency"": 16, ""mode"": ""fast"", ""processes"": 1, ""producer"": ""sync"", ""style"": ""sync"", ""system"": ""blitzq"", ""visibility_timeout"": 10}",14.219026999853668,1.209891499911464,,,,1.6495845000463305,1.9414589694952116,,,,blitzq,20000,2689.0595259042498,97.7657142857143,8.599999999999998,38.813696,noop
10.0166,20000,,0,13201.715952000086,6605.9680244993615,12549.774544999353,13072.525945620217,24.196441047000008,1818.9659643220643,10.99525796099988,0.21201700019446434,0.0020339994080131873,0.004208050040688248,0.005419999979494605,20000,0,,noop,0,0,0,A-amo,,5.042269000000033,13.626056,50.848085,22.378121,4,suite-20260929T211306Z,,,,"{""acks_late"": false, ""concurrency"": 16, ""pool"": ""prefork"", ""prefetch"": 4, ""processes"": 1, ""producer"": ""sync"", ""system"": ""celery"", ""visibility_timeout"": 10}",13201.712555000086,6605.964582499837,,,,12549.773100549783,13072.52440662016,,,,celery,20000,826.5678395079386,98.98019801980197,25.39,775.876608,noop
3.04015,20000,,0,146.85654799995973,90.18617150013597,141.47075610057982,144.735324789317,0.3626539659999253,80116.8411193821,0.24963540399949125,0.19965299998148112,0.0005210004019318148,0.0011020001693395898,0.0036272002944315,20000,0,,noop,0,0,0,B-alo,,0.27679400000002374,3.690408,5.835115,4.077645,0,suite-20260929T211306Z,,,,"{""concurrency"": 200, ""mode"": ""reliable"", ""processes"": 4, ""producer"": ""batch"", ""producers"": 4, ""style"": ""async"", ""system"": ""blitzq"", ""visibility_timeout"": 10}",146.8559360000654,90.18556049977633,,,,141.46977515028993,144.73486487962873,,,,blitzq,20000,55148.99015334116,78.39999999999999,1.3900000000000001,155.824128,noop
10.00805,20000,,0,2975.9015859999636,1984.1450245003216,2907.602718200451,2961.6168653004206,7.082846857999357,4820.791841888463,4.148696034999375,0.26371600051788846,0.004228000761941075,0.0058610003179637715,0.007024100295893716,20000,0,,noop,0,0,0,B-alo,,4.384771000000001,12.552648,50.844663,22.27393,0,suite-20260929T211306Z,,,,"{""acks_late"": true, ""concurrency"": 8, ""pool"": ""prefork"", ""prefetch"": 4, ""processes"": 4, ""producer"": ""sync"", ""producers"": 4, ""system"": ""celery"", ""visibility_timeout"": 10}",2975.897749000069,1984.140781500173,,,,2907.599862150437,2961.611981959595,,,,celery,20000,2823.723341894937,358.425,30.109999999999996,1698.668544,noop
10.00775,20000,,0,2593.901371999891,1621.8743664999238,2541.056439300155,2588.5306202995253,6.370452855999247,5262.44754740941,3.8005129399998623,0.5951009998170775,0.0034869999581133015,0.005470000360219274,0.0064520099840592576,20000,0,,noop,0,0,0,B-alo,,4.090422999999987,12.507648,50.843989,22.270712,1,suite-20260929T211306Z,,,,"{""acks_late"": true, ""concurrency"": 8, ""pool"": ""prefork"", ""prefetch"": 4, ""processes"": 4, ""producer"": ""sync"", ""producers"": 4, ""system"": ""celery"", ""visibility_timeout"": 10}",2593.899147999764,1621.869863000029,,,,2541.0532229001547,2588.526878729699,,,,celery,20000,3139.4942325278175,337.05,26.54,1693.220864,noop
3.0394,20000,,0,137.88426599967352,85.46648650008137,131.1946551001256,135.07174355056122,0.309539914999732,102305.3858838315,0.19549312900016957,0.0821879993964103,0.000490999809699133,0.000892000571184326,0.002335000317543745,20000,0,,noop,0,0,0,B-alo,,0.2512739999999951,3.222048,5.834649,4.076341,1,suite-20260929T211306Z,,,,"{""concurrency"": 200, ""mode"": ""reliable"", ""processes"": 4, ""producer"": ""batch"", ""producers"": 4, ""style"": ""async"", ""system"": ""blitzq"", ""visibility_timeout"": 10}",137.8836149997369,85.46592550010246,,,,131.19418909996057,135.06893958997352,,,,blitzq,20000,64612.0226530957,77.4,1.1799999999999997,155.602944,noop
3.0392,20000,,0,128.5282119997646,75.64192099971478,117.69440805014709,124.52114701954085,0.3111006389999602,94101.41201925764,0.2125366619993656,0.03992999972979305,0.000490999809699133,0.000922000253922306,0.0023050897289067364,20000,0,,noop,0,0,0,B-alo,,0.23879800000000273,3.360704,5.834326,4.076313,2,suite-20260929T211306Z,,,,"{""concurrency"": 200, ""mode"": ""reliable"", ""processes"": 4, ""producer"": ""batch"", ""producers"": 4, ""style"": ""async"", ""system"": ""blitzq"", ""visibility_timeout"": 10}",128.52749099965877,75.64142999990509,,,,117.69393255012801,124.52043492979098,,,,blitzq,20000,64287.87823866398,78.46666666666665,1.21,155.881472,noop
10.0074,20000,,0,2630.1327470000615,1607.1171049998156,2542.647898199448,2619.927712869512,6.036803080999562,5819.066130023105,3.4369776100002127,0.4538310004136292,0.003195999852323439,0.004940000508213416,0.00567099960790074,20000,0,,noop,0,0,0,B-alo,,3.946640999999971,12.45392,50.844072,22.267929,2,suite-20260929T211306Z,,,,"{""acks_late"": true, ""concurrency"": 8, ""pool"": ""prefork"", ""prefetch"": 4, ""processes"": 4, ""producer"": ""sync"", ""producers"": 4, ""system"": ""celery"", ""visibility_timeout"": 10}",2630.1275069999974,1607.1127770001112,,,,2542.6451537493904,2619.9231960795532,,,,celery,20000,3313.0118262344313,343.24642857142857,25.08,1699.442688,noop
10.0074,20000,,0,2606.4803799999936,1619.6363210001437,2538.2220327997857,2601.3117223607696,5.981892945999789,5889.852927451459,3.395670527999755,0.05671899998560548,0.003155999365844764,0.004909999915980734,0.005640999916067813,20000,0,,noop,0,0,0,B-alo,,3.924320000000023,12.489448,50.844549,22.268215,3,suite-20260929T211306Z,,,,"{""acks_late"": true, ""concurrency"": 8, ""pool"": ""prefork"", ""prefetch"": 4, ""processes"": 4, ""producer"": ""sync"", ""producers"": 4, ""system"": ""celery"", ""visibility_timeout"": 10}",2606.477674999951,1619.6320180001749,,,,2538.2190287997673,2601.3082204902184,,,,celery,20000,3343.423257578422,339.7785714285714,24.77,1703.645184,noop
3.03895,20000,,0,144.75337299973035,97.14606099987577,137.23619790021075,139.99526045013226,0.31475449900062813,91631.83240531193,0.21826476100068248,0.043062000258942135,0.000490999809699133,0.0008919996616896242,0.002255300250908428,20000,0,,noop,0,0,0,B-alo,,0.24487799999999993,3.28904,5.834472,4.076489,3,suite-20260929T211306Z,,,,"{""concurrency"": 200, ""mode"": ""reliable"", ""processes"": 4, ""producer"": ""batch"", ""producers"": 4, ""style"": ""async"", ""system"": ""blitzq"", ""visibility_timeout"": 10}",144.75290199970914,97.14557999996032,,,,137.23570690035558,139.99477975022273,,,,blitzq,20000,63541.58578670574,81.08333333333333,1.23,155.910144,noop
3.0406,20000,,0,158.21731699998054,96.56011600009151,148.0680459499581,151.62570893993689,0.34440831699976115,89766.95734866985,0.22279912999965745,0.03958600063924678,0.0005110005076858215,0.0010125001608685053,0.00322681044053739,20000,0,,noop,0,0,0,B-alo,,0.2631680000000074,3.679328,5.836117,4.078165,4,suite-20260929T211306Z,,,,"{""concurrency"": 200, ""mode"": ""reliable"", ""processes"": 4, ""producer"": ""batch"", ""producers"": 4, ""style"": ""async"", ""system"": ""blitzq"", ""visibility_timeout"": 10}",158.21665600014967,96.55964000012318,,,,148.06756445004794,151.6252083393283,,,,blitzq,20000,58070.606930243994,75.25714285714285,1.3299999999999996,155.938816,noop
10.0079,20000,,0,2836.4232390003963,1812.9596494995894,2747.125964150291,2828.231980129594,6.682078419999925,5186.805335699599,3.855938040000183,0.18081700000038836,0.003956999535148498,0.005570999746851157,0.006411999502233812,20000,0,,noop,0,0,0,B-alo,,4.1819500000000005,12.398704,50.884568,22.292622,4,suite-20260929T211306Z,,,,"{""acks_late"": true, ""concurrency"": 8, ""pool"": ""prefork"", ""prefetch"": 4, ""processes"": 4, ""producer"": ""sync"", ""producers"": 4, ""system"": ""celery"", ""visibility_timeout"": 10}",2836.418710000544,1812.9560024995044,,,,2747.122439800478,2828.2288695397983,,,,celery,20000,2993.0807067661176,348.30967741935484,28.29,1701.04832,noop
2.37325,20000,,0,,,,,3.812391351999395,2901.641418086774,6.892650441000114,0.9280379999836441,0.0010829999155248515,0.002705000042624306,0.003807200209848784,20000,0,,noop,0,0,0,A-alo,,0.45239200000000324,4.78076,3.008924,3.506443,0,suite-20260929T211306Z,,,,"{""concurrency"": 16, ""mode"": ""reliable"", ""processes"": 1, ""producer"": ""sync"", ""style"": ""sync"", ""system"": ""blitzq"", ""visibility_timeout"": 10}",,,,,,,,,,,blitzq,20000,5246.051140450487,89.58571428571429,4.7299999999999995,38.731776,noop-drain
9.01755,20000,,0,,,,,23.564830741999685,2021.6370518997553,9.89297261899992,1.3441629998851568,0.002093999682983849,0.004558049977276823,0.005751000571763143,20000,0,,noop,0,0,0,A-alo,,3.7545020000000022,23.170232,29.966982,22.259319,0,suite-20260929T211306Z,,,,"{""acks_late"": true, ""concurrency"": 16, ""pool"": ""prefork"", ""prefetch"": 4, ""processes"": 1, ""producer"": ""sync"", ""system"": ""celery"", ""visibility_timeout"": 10}",,,,,,,,,,,celery,20000,848.7224126059147,101.95841584158416,26.12,779.595776,noop-drain
9.0164,20000,,0,,,,,21.717462884999804,2134.7403852376906,9.368820742000025,1.1754249999285094,0.0014630004443461075,0.0036470000850385986,0.005040000360168051,20000,0,,noop,0,0,0,A-alo,,3.4491590000000087,23.020832,29.966557,22.248951,1,suite-20260929T211306Z,,,,"{""acks_late"": true, ""concurrency"": 16, ""pool"": ""prefork"", ""prefetch"": 4, ""processes"": 1, ""producer"": ""sync"", ""system"": ""celery"", ""visibility_timeout"": 10}",,,,,,,,,,,celery,20000,920.9178855700474,100.55744680851063,24.009999999999998,780.689408,noop-drain
2.37535,20000,,0,,,,,3.6636675309991915,3134.555091713459,6.380490823999935,0.6227149997357628,0.0010619996828609146,0.002554999809945002,0.0031361004766949758,20000,0,,noop,0,0,0,A-alo,,0.4301629999999932,4.71412,3.01153,3.505728,1,suite-20260929T211306Z,,,,"{""concurrency"": 16, ""mode"": ""reliable"", ""processes"": 1, ""producer"": ""sync"", ""style"": ""sync"", ""system"": ""blitzq"", ""visibility_timeout"": 10}",,,,,,,,,,,blitzq,20000,5459.010630952477,90.33,4.54,38.907904,noop-drain
2.37075,20000,,0,,,,,3.580202467000163,3146.3255735112475,6.356621249999989,0.3980090004915837,0.001082000380847603,0.002245000359835103,0.002734999734457233,20000,0,,noop,0,0,0,A-alo,,0.4152959999999837,4.721272,3.00543,3.5043,2,suite-20260929T211306Z,,,,"{""concurrency"": 16, ""mode"": ""reliable"", ""processes"": 1, ""producer"": ""sync"", ""style"": ""sync"", ""system"": ""blitzq"", ""visibility_timeout"": 10}",,,,,,,,,,,blitzq,20000,5586.276246761518,88.545,4.45,38.907904,noop-drain
9.01565,20000,,0,,,,,20.689529100999607,2185.732529691328,9.150250420999328,0.984362999588484,0.0014030001693754457,0.0021949999791104347,0.004028100147479547,20000,0,,noop,0,0,0,A-alo,,3.2832819999999856,23.034952,29.965746,22.241369,2,suite-20260929T211306Z,,,,"{""acks_late"": true, ""concurrency"": 16, ""pool"": ""prefork"", ""prefetch"": 4, ""processes"": 1, ""producer"": ""sync"", ""system"": ""celery"", ""visibility_timeout"": 10}",,,,,,,,,,,celery,20000,966.6725570391889,99.73258426966294,22.52,774.914048,noop-drain
9.01565,20000,,0,,,,,20.657166925999263,2204.6860618337655,9.071586357000342,1.0946379998131306,0.0014729994290973991,0.002615000084915664,0.004438009455043355,20000,0,,noop,0,0,0,A-alo,,3.2947209999999814,23.035464,29.965735,22.241386,3,suite-20260929T211306Z,,,,"{""acks_late"": true, ""concurrency"": 16, ""pool"": ""prefork"", ""prefetch"": 4, ""processes"": 1, ""producer"": ""sync"", ""system"": ""celery"", ""visibility_timeout"": 10}",,,,,,,,,,,celery,20000,968.1869770257726,100.1438202247191,22.61,781.774848,noop-drain
2.3835,20000,,0,,,,,3.591113428999961,3165.7948439117004,6.317528768000557,0.6546559998241719,0.0010720004866016097,0.0022039994291844778,0.002764999408100266,20000,0,,noop,0,0,0,A-alo,,0.4224389999999971,4.701592,3.018967,3.507995,3,suite-20260929T211306Z,,,,"{""concurrency"": 16, ""mode"": ""reliable"", ""processes"": 1, ""producer"": ""sync"", ""style"": ""sync"", ""system"": ""blitzq"", ""visibility_timeout"": 10}",,,,,,,,,,,blitzq,20000,5569.303335976642,88.73,4.46,38.486016,noop-drain
2.3816,20000,,0,,,,,3.63468869099961,3174.6774635676184,6.2998525769999105,0.5917099997532205,0.001071999577106908,0.0024350001694983803,0.0030960000003688037,20000,0,,noop,0,0,0,A-alo,,0.424430000000001,4.749256,3.017271,3.507312,4,suite-20260929T211306Z,,,,"{""concurrency"": 16, ""mode"": ""reliable"", ""processes"": 1, ""producer"": ""sync"", ""style"": ""sync"", ""system"": ""blitzq"", ""visibility_timeout"": 10}",,,,,,,,,,,blitzq,20000,5502.534522289338,90.74,4.5600000000000005,38.895616,noop-drain
9.0155,20000,,0,,,,,20.30216574699989,2209.462986888035,9.05197331599993,1.0950930000035441,0.001392000740452204,0.0021440000637085177,0.0038580901218665388,20000,0,,noop,0,0,0,A-alo,,3.248991999999987,23.023184,29.965703,22.239784,4,suite-20260929T211306Z,,,,"{""acks_late"": true, ""concurrency"": 16, ""pool"": ""prefork"", ""prefetch"": 4, ""processes"": 1, ""producer"": ""sync"", ""system"": ""celery"", ""visibility_timeout"": 10}",,,,,,,,,,,celery,20000,985.1165757010657,98.8375,22.06,775.221248,noop-drain
0.1621,20000,,0,,,,,2.687206688000515,3251.7257081081857,6.150580274999811,0.754599000174494,0.0010619996828609146,0.002093999682983849,0.002726000275288243,20000,0,,noop,0,0,0,A-amo,,0.17114599999999314,4.50276,0.14451,2.143042,0,suite-20260929T211306Z,,,,"{""concurrency"": 16, ""mode"": ""fast"", ""processes"": 1, ""producer"": ""sync"", ""style"": ""sync"", ""system"": ""blitzq"", ""visibility_timeout"": 10}",,,,,,,,,,,blitzq,20000,7442.672753572786,89.5125,3.5999999999999996,38.965248,noop-drain
9.01565,20000,,0,,,,,20.50863282699993,2196.0978304088994,9.107062410000253,1.0374489993409952,0.0014620000001741573,0.0024049995772656985,0.004118200104130633,20000,0,,noop,0,0,0,A-amo,,3.322096999999985,23.029568,29.966041,22.241394,0,suite-20260929T211306Z,,,,"{""acks_late"": false, ""concurrency"": 16, ""pool"": ""prefork"", ""prefetch"": 4, ""processes"": 1, ""producer"": ""sync"", ""system"": ""celery"", ""visibility_timeout"": 10}",,,,,,,,,,,celery,20000,975.199086585123,99.07303370786516,22.37,778.30144,noop-drain
9.01535,20000,,0,,,,,20.275754088000213,2189.8090106140617,9.133216596999773,1.0750620003818767,0.0014119996194494888,0.0024649998522363603,0.004027000613859855,20000,0,,noop,0,0,0,A-amo,,3.2586939999999913,23.03008,29.966023,22.238618,1,suite-20260929T211306Z,,,,"{""acks_late"": false, ""concurrency"": 16, ""pool"": ""prefork"", ""prefetch"": 4, ""processes"": 1, ""producer"": ""sync"", ""system"": ""celery"", ""visibility_timeout"": 10}",,,,,,,,,,,celery,20000,986.3998109859001,100.52183908045977,22.189999999999998,779.309056,noop-drain
0.1603,20000,,0,,,,,2.6807239449999543,3088.936432583683,6.474720485999569,1.0579390000202693,0.001041999894368928,0.0020440002117538825,0.002655000571394339,20000,0,,noop,0,0,0,A-amo,,0.1708500000000015,4.509616,0.142891,2.142891,1,suite-20260929T211306Z,,,,"{""concurrency"": 16, ""mode"": ""fast"", ""processes"": 1, ""producer"": ""sync"", ""style"": ""sync"", ""system"": ""blitzq"", ""visibility_timeout"": 10}",,,,,,,,,,,blitzq,20000,7460.67122551119,89.8125,3.6100000000000003,38.498304,noop-drain
0.16325,20000,,0,,,,,2.726296874999207,3240.867027275992,6.171188090000214,1.0794289992190897,0.0010519997886149213,0.002113999471475836,0.0027149999368702993,20000,0,,noop,0,0,0,A-amo,,0.16979100000000358,4.515448,0.145506,2.143137,2,suite-20260929T211306Z,,,,"{""concurrency"": 16, ""mode"": ""fast"", ""processes"": 1, ""producer"": ""sync"", ""style"": ""sync"", ""system"": ""blitzq"", ""visibility_timeout"": 10}",,,,,,,,,,,blitzq,20000,7335.958230889957,90.53125,3.6399999999999997,38.920192,noop-drain
9.0155,20000,,0,,,,,20.45538628400027,2196.3158748234428,9.106158284999765,1.0404360000393353,0.001442999746359419,0.002515000232961029,0.00424799964093836,20000,0,,noop,0,0,0,A-amo,,3.2665059999999926,23.012136,29.965815,22.239756,2,suite-20260929T211306Z,,,,"{""acks_late"": false, ""concurrency"": 16, ""pool"": ""prefork"", ""prefetch"": 4, ""processes"": 1, ""producer"": ""sync"", ""system"": ""celery"", ""visibility_timeout"": 10}",,,,,,,,,,,celery,20000,977.7375857058997,100.39431818181819,22.419999999999998,780.980224,noop-drain
9.0155,20000,,0,,,,,20.31866541799991,2220.081611885179,9.008677830999659,1.0502940003789263,0.0014030001693754457,0.0024749997464823537,0.0042890896656899566,20000,0,,noop,0,0,0,A-amo,,3.2610480000000166,23.012648,29.965693,22.239748,3,suite-20260929T211306Z,,,,"{""acks_late"": false, ""concurrency"": 16, ""pool"": ""prefork"", ""prefetch"": 4, ""processes"": 1, ""producer"": ""sync"", ""system"": ""celery"", ""visibility_timeout"": 10}",,,,,,,,,,,celery,20000,984.3166166948342,99.57386363636364,22.23,774.84032,noop-drain
0.1643,20000,,0,,,,,2.7002794949994495,3282.9643639394567,6.092055162000179,0.5938569993304554,0.001041999894368928,0.002033050714089767,0.0026249999791616574,20000,0,,noop,0,0,0,A-amo,,0.16967699999997876,4.492184,0.146475,2.14325,3,suite-20260929T211306Z,,,,"{""concurrency"": 16, ""mode"": ""fast"", ""processes"": 1, ""producer"": ""sync"", ""style"": ""sync"", ""system"": ""blitzq"", ""visibility_timeout"": 10}",,,,,,,,,,,blitzq,20000,7406.640696652802,90.80625,3.6500000000000004,38.875136,noop-drain
0.1591,20000,,0,,,,,2.714015455999288,3230.4510581525346,6.191085901000406,0.6728139996994287,0.001071999577106908,0.002094000592478551,0.00271509994490769,20000,0,,noop,0,0,0,A-amo,,0.1679470000000265,4.498016,0.141859,2.142793,4,suite-20260929T211306Z,,,,"{""concurrency"": 16, ""mode"": ""fast"", ""processes"": 1, ""producer"": ""sync"", ""style"": ""sync"", ""system"": ""blitzq"", ""visibility_timeout"": 10}",,,,,,,,,,,blitzq,20000,7369.154790843331,90.53750000000001,3.6399999999999997,38.424576,noop-drain
9.0153,20000,,0,,,,,20.09820453300017,2200.5330765190724,9.08870682900033,0.914924999960931,0.0014229999578674324,0.0025050003387150355,0.004178100371063904,20000,0,,noop,0,0,0,A-amo,,3.252521999999999,23.024824,29.965781,22.238457,4,suite-20260929T211306Z,,,,"{""acks_late"": false, ""concurrency"": 16, ""pool"": ""prefork"", ""prefetch"": 4, ""processes"": 1, ""producer"": ""sync"", ""system"": ""celery"", ""visibility_timeout"": 10}",,,,,,,,,,,celery,20000,995.1137658670492,99.6471264367816,22.02,777.662464,noop-drain
2.05525,20000,,0,,,,,0.2829030140001123,196315.2780564473,0.10187694100022782,0.6100199998400058,0.0005010006134398282,0.0008110000635497272,0.001993999831029214,20000,0,,noop,0,0,0,B-alo,,0.19482499999998026,5.473352,2.719169,3.420516,0,suite-20260929T211306Z,,,,"{""concurrency"": 200, ""mode"": ""reliable"", ""processes"": 4, ""producer"": ""batch"", ""producers"": 4, ""style"": ""async"", ""system"": ""blitzq"", ""visibility_timeout"": 10}",,,,,,,,,,,blitzq,20000,70695.60595063883,204.03333333333333,3.13,157.208576,noop-drain
9.01125,20000,,0,,,,,5.310921313000108,7703.766870712606,2.5961325589996704,1.4240890004657558,0.0023940001483424567,0.004007999450550415,0.005089999831398018,20000,0,,noop,0,0,0,B-alo,,2.910224000000028,23.063008,29.965625,22.151344,0,suite-20260929T211306Z,,,,"{""acks_late"": true, ""concurrency"": 8, ""pool"": ""prefork"", ""prefetch"": 4, ""processes"": 4, ""producer"": ""sync"", ""producers"": 4, ""system"": ""celery"", ""visibility_timeout"": 10}",,,,,,,,,,,celery,20000,3765.8249522627775,367.25357142857143,26.77,1700.335616,noop-drain
9.01125,20000,,0,,,,,5.350982717999614,7579.760588007253,2.6386057670006267,1.3977890002934146,0.0025949993869289756,0.004137999894737732,0.0051500001063686796,20000,0,,noop,0,0,0,B-alo,,2.908437999999933,23.07348,29.965627,22.151259,1,suite-20260929T211306Z,,,,"{""acks_late"": true, ""concurrency"": 8, ""pool"": ""prefork"", ""prefetch"": 4, ""processes"": 4, ""producer"": ""sync"", ""producers"": 4, ""system"": ""celery"", ""visibility_timeout"": 10}",,,,,,,,,,,celery,20000,3737.6312079506597,373.20714285714286,27.11,1701.556224,noop-drain
2.03495,20000,,0,,,,,0.2845211690000724,160241.564799768,0.12481156200010446,0.4454239997357945,0.0004809999154531397,0.0007810003808117472,0.001933999565153499,20000,0,,noop,0,0,0,B-alo,,0.1825680000000034,5.300344,2.713932,3.420391,1,suite-20260929T211306Z,,,,"{""concurrency"": 200, ""mode"": ""reliable"", ""processes"": 4, ""producer"": ""batch"", ""producers"": 4, ""style"": ""async"", ""system"": ""blitzq"", ""visibility_timeout"": 10}",,,,,,,,,,,blitzq,20000,70293.53938861017,206.01666666666665,3.13,157.392896,noop-drain
2.03505,20000,,0,,,,,0.2804297510001561,202247.52006109303,0.09888872800001991,0.4259890001776512,0.0005009997039451264,0.0008810002327663824,0.0019030103339900944,20000,0,,noop,0,0,0,B-alo,,0.18537400000002435,5.375304,2.714063,3.420493,2,suite-20260929T211306Z,,,,"{""concurrency"": 200, ""mode"": ""reliable"", ""processes"": 4, ""producer"": ""batch"", ""producers"": 4, ""style"": ""async"", ""system"": ""blitzq"", ""visibility_timeout"": 10}",,,,,,,,,,,blitzq,20000,71319.10907694265,207.29999999999998,3.14,158.18752,noop-drain
9.01085,20000,,0,,,,,5.36067470999933,7631.455758503492,2.620731958999386,5.4598039996562875,0.0025740000637597404,0.003938450163332156,0.004880089327343725,20000,0,,noop,0,0,0,B-alo,,2.9277999999999906,23.033816,29.965097,22.151223,2,suite-20260929T211306Z,,,,"{""acks_late"": true, ""concurrency"": 8, ""pool"": ""prefork"", ""prefetch"": 4, ""processes"": 4, ""producer"": ""sync"", ""producers"": 4, ""system"": ""celery"", ""visibility_timeout"": 10}",,,,,,,,,,,celery,20000,3730.873645941203,372.59285714285716,27.07,1695.100928,noop-drain
9.01125,20000,,0,,,,,5.329615196999839,7691.939777953179,2.600124360999871,2.3734999995213,0.0024649998522363603,0.00394845005757815,0.004969010642525972,20000,0,,noop,0,0,0,B-alo,,2.900890000000004,23.009576,29.965409,22.15107,3,suite-20260929T211306Z,,,,"{""acks_late"": true, ""concurrency"": 8, ""pool"": ""prefork"", ""prefetch"": 4, ""processes"": 4, ""producer"": ""sync"", ""producers"": 4, ""system"": ""celery"", ""visibility_timeout"": 10}",,,,,,,,,,,celery,20000,3752.6161384518814,370.48214285714283,27.009999999999998,1703.534592,noop-drain
2.0449,20000,,0,,,,,0.29106591300023865,191924.34925618328,0.10420772599991324,0.51072899987048,0.000490999809699133,0.0008319993867189623,0.0019241005702497046,20000,0,,noop,0,0,0,B-alo,,0.186649999999986,5.364784,2.717021,3.420645,3,suite-20260929T211306Z,,,,"{""concurrency"": 200, ""mode"": ""reliable"", ""processes"": 4, ""producer"": ""batch"", ""producers"": 4, ""style"": ""async"", ""system"": ""blitzq"", ""visibility_timeout"": 10}",,,,,,,,,,,blitzq,20000,68712.95849742323,211.86666666666667,3.21,158.076928,noop-drain
2.05535,20000,,0,,,,,0.26607659500041336,198113.73142638913,0.10095211400039261,0.4374710006231908,0.0004910007191938348,0.0008819997674436308,0.001934100464495698,20000,0,,noop,0,0,0,B-alo,,0.1865640000000326,5.194864,2.719267,3.420443,4,suite-20260929T211306Z,,,,"{""concurrency"": 200, ""mode"": ""reliable"", ""processes"": 4, ""producer"": ""batch"", ""producers"": 4, ""style"": ""async"", ""system"": ""blitzq"", ""visibility_timeout"": 10}",,,,,,,,,,,blitzq,20000,75166.32569643688,209.11666666666667,3.17,157.405184,noop-drain
9.01125,20000,,0,,,,,5.356011281000065,7671.394741459964,2.6070878470000025,1.3742549999733455,0.0025750005079316907,0.004028450121040798,0.005029010017096878,20000,0,,noop,0,0,0,B-alo,,2.8989859999999794,23.06248,29.965909,22.151434,4,suite-20260929T211306Z,,,,"{""acks_late"": true, ""concurrency"": 8, ""pool"": ""prefork"", ""prefetch"": 4, ""processes"": 4, ""producer"": ""sync"", ""producers"": 4, ""system"": ""celery"", ""visibility_timeout"": 10}",,,,,,,,,,,celery,20000,3734.122082779788,376.0428571428571,27.28,1697.968128,noop-drain
4.4353,20000,,0,12.136921000092116,1.7202895000991703,2.2179362504175515,2.4673071098550263,7.275568058999852,2749.392158436084,7.274335142999917,0.05027600036555668,0.001814000825106632,0.002555000719439704,0.0028550002753036097,20000,0,,payload,0,0,0,A-alo,,2.0563470000000166,2.618336,27.894342,24.855823,0,suite-20260929T211306Z,,,,"{""concurrency"": 16, ""mode"": ""reliable"", ""processes"": 1, ""producer"": ""sync"", ""style"": ""sync"", ""system"": ""blitzq"", ""visibility_timeout"": 10}",12.132062000091537,1.7185924998557311,,,,2.2162535504321563,2.465643330588135,,,,blitzq,20000,2748.9262471072716,95.0529411764706,8.12,38.731776,small-payload
10.015,20000,,0,11490.296334999584,5970.855000499796,10918.449682599929,11379.836174270584,21.794831786999566,1940.7943079762124,10.305059076999896,0.03459599975030869,0.001543000507808756,0.002745000529102981,0.0045289998524822295,20000,0,,payload,0,0,0,A-alo,,4.906679999999994,41.229656,145.720316,69.799942,0,suite-20260929T211306Z,,,,"{""acks_late"": true, ""concurrency"": 16, ""pool"": ""prefork"", ""prefetch"": 4, ""processes"": 1, ""producer"": ""sync"", ""system"": ""celery"", ""visibility_timeout"": 10}",11490.294621999965,5970.853668000018,,,,10918.448240600172,11379.834752880633,,,,celery,20000,917.6487433103215,97.0,22.39,778.58816,small-payload
10.015,20000,,0,11508.257485000286,5990.260402000331,10954.295649250433,11401.533584930492,21.757823917000678,1951.2031866207801,10.250085761000264,0.04652899951906875,0.0015429995983140543,0.002764999453575001,0.004788999840457109,20000,0,,payload,0,0,0,A-alo,,4.8686440000000175,41.471232,145.720481,69.799961,1,suite-20260929T211306Z,,,,"{""acks_late"": true, ""concurrency"": 16, ""pool"": ""prefork"", ""prefetch"": 4, ""processes"": 1, ""producer"": ""sync"", ""system"": ""celery"", ""visibility_timeout"": 10}",11508.256131999588,5990.258874000119,,,,10954.293464350349,11401.532203140112,,,,celery,20000,919.2095715221233,96.83516483516483,22.34,778.420224,small-payload
4.41075,20000,,0,12.272330999621772,1.724188000025606,2.2229438501199184,2.468470430621892,7.1791792229996645,2786.1867117819347,7.178269824999916,0.04353299937065458,0.0017840002328739502,0.002554999809945002,0.0028849999580415897,20000,0,,payload,0,0,0,A-alo,,2.0254190000000563,2.617704,27.865566,24.848313,1,suite-20260929T211306Z,,,,"{""concurrency"": 16, ""mode"": ""reliable"", ""processes"": 1, ""producer"": ""sync"", ""style"": ""sync"", ""system"": ""blitzq"", ""visibility_timeout"": 10}",12.26733199928276,1.7224755006282066,,,,2.2211653994418157,2.4660833699999776,,,,blitzq,20000,2785.8337810994826,93.50294117647059,7.99,38.334464,small-payload
4.4274,20000,,0,13.823721000335354,1.712971499273408,2.2079588499764213,2.455260659453414,7.222215058000074,2769.8089397452713,7.220714654000403,0.03592400025809184,0.001782999788702,0.002515000232961029,0.002804999903673888,20000,0,,payload,0,0,0,A-alo,,2.034624000000008,2.640208,27.885348,24.853506,2,suite-20260929T211306Z,,,,"{""concurrency"": 16, ""mode"": ""reliable"", ""processes"": 1, ""producer"": ""sync"", ""style"": ""sync"", ""system"": ""blitzq"", ""visibility_timeout"": 10}",13.819241999954102,1.7112699997596792,,,,2.2058881996144915,2.4531444203967103,,,,blitzq,20000,2769.2335162251816,94.19705882352942,8.05,38.924288,small-payload
10.015,20000,,0,11509.909160999996,5963.674644499861,10952.614753950045,11399.584267880182,21.769317603999298,1949.3401658931552,10.259881958999358,0.03282200032117544,0.0015630002963007428,0.0027149999368702993,0.004348000402387697,20000,0,,payload,0,0,0,A-alo,,4.87044800000001,41.481144,145.72068,69.80019,2,suite-20260929T211306Z,,,,"{""acks_late"": true, ""concurrency"": 16, ""pool"": ""prefork"", ""prefetch"": 4, ""processes"": 1, ""producer"": ""sync"", ""system"": ""celery"", ""visibility_timeout"": 10}",11509.907688000567,5963.673472499977,,,,10952.613017500062,11399.582824880426,,,,celery,20000,918.7242505169637,96.71208791208791,22.320000000000004,778.252288,small-payload
10.015,20000,,0,11552.291096999397,6022.923920000267,11004.267514000003,11444.745883130725,21.841288683999664,1943.7301481276386,10.289494155999819,0.07657700007257517,0.0015729992810520343,0.0024749997919570887,0.004249090079611037,20000,0,,payload,0,0,0,A-alo,,4.903853000000026,41.484984,145.720534,69.800165,3,suite-20260929T211306Z,,,,"{""acks_late"": true, ""concurrency"": 16, ""pool"": ""prefork"", ""prefetch"": 4, ""processes"": 1, ""producer"": ""sync"", ""system"": ""celery"", ""visibility_timeout"": 10}",11552.289674999884,6022.922472000573,,,,11004.26623050025,11444.744275619958,,,,celery,20000,915.6968844357365,96.83846153846153,22.34,781.217792,small-payload
4.4295,20000,,0,12.304451000090921,1.70697499970629,2.194511249763309,2.4443440993127297,7.198239387000285,2779.0944173743665,7.196588886999962,0.04454600002645748,0.00175300010596402,0.0025050003387150355,0.002825010587912401,20000,0,,payload,0,0,0,A-alo,,2.0427010000000223,2.61368,27.887686,24.854207,3,suite-20260929T211306Z,,,,"{""concurrency"": 16, ""mode"": ""reliable"", ""processes"": 1, ""producer"": ""sync"", ""style"": ""sync"", ""system"": ""blitzq"", ""visibility_timeout"": 10}",12.300122999477026,1.7051039999387285,,,,2.1925993999957427,2.442449200225383,,,,blitzq,20000,2778.457192757322,93.9764705882353,8.03,38.469632,small-payload
4.41805,20000,,0,12.840896999477991,1.7235680002158915,2.2133723497063325,2.4686739994194786,7.216733614000077,2771.8874511120694,7.215300170999399,0.04352300038590329,0.0018030004866886884,0.002555000719439704,0.002855999809980858,20000,0,,payload,0,0,0,A-alo,,2.0346490000000017,2.631376,27.875222,24.850853,4,suite-20260929T211306Z,,,,"{""concurrency"": 16, ""mode"": ""reliable"", ""processes"": 1, ""producer"": ""sync"", ""style"": ""sync"", ""system"": ""blitzq"", ""visibility_timeout"": 10}",12.83621799939283,1.7218655002579908,,,,2.2117350999906193,2.4675229997683337,,,,blitzq,20000,2771.33687755927,94.19411764705882,8.049999999999999,38.793216,small-payload
10.01485,20000,,0,11440.972348000287,5977.232920500228,10893.80754109952,11328.533234849963,21.716323843999817,1946.3131567440687,10.275838669999757,0.05483499990077689,0.001481999788666144,0.002515000232961029,0.004098090312254485,20000,0,,payload,0,0,0,A-alo,,4.85338999999999,41.268176,145.720479,69.798545,4,suite-20260929T211306Z,,,,"{""acks_late"": true, ""concurrency"": 16, ""pool"": ""prefork"", ""prefetch"": 4, ""processes"": 1, ""producer"": ""sync"", ""system"": ""celery"", ""visibility_timeout"": 10}",11440.971046000413,5977.231387500069,,,,10893.80604455009,11328.52952159992,,,,celery,20000,920.9661885534077,97.69111111111111,22.29,778.616832,small-payload
3.0392,20000,,0,130.83959200048412,87.62925700011692,124.05749374975129,128.91352402923076,0.33744010999998864,84200.8646653122,0.2375272520002909,0.05161900025996147,0.0005109995981911197,0.0009820005288929678,0.00280649033811634,20000,0,,payload,0,0,0,B-alo,,0.2791740000000118,6.088952,26.414327,24.656088,0,suite-20260929T211306Z,,,,"{""concurrency"": 200, ""mode"": ""reliable"", ""processes"": 4, ""producer"": ""batch"", ""producers"": 4, ""style"": ""async"", ""system"": ""blitzq"", ""visibility_timeout"": 10}",130.8388500001456,87.6286705001803,,,,124.0569467496698,128.9128341392734,,,,blitzq,20000,59269.776790911645,82.60000000000001,1.27,154.456064,small-payload
10.0076,20000,,0,2721.1235060003673,1696.8539215004057,2640.716932299892,2711.3277052697504,6.391130230000272,5405.271738878318,3.7000914970003578,0.7468499998140032,0.003431500317674363,0.005259999852569308,0.0061620003179996274,20000,0,,payload,0,0,0,B-alo,,4.375957999999969,37.18864,145.717052,69.706097,0,suite-20260929T211306Z,,,,"{""acks_late"": true, ""concurrency"": 8, ""pool"": ""prefork"", ""prefetch"": 4, ""processes"": 4, ""producer"": ""sync"", ""producers"": 4, ""system"": ""celery"", ""visibility_timeout"": 10}",2721.1204610002824,1696.8492575006167,,,,2640.714074700327,2711.324441479728,,,,celery,20000,3129.336952972581,347.6241379310345,26.36,1699.71712,small-payload
10.00755,20000,,0,2679.111014999762,1693.611287499607,2605.6991222000306,2670.8191707203605,6.309853581000425,5471.6170065505585,3.6552265950003857,0.26680199971451657,0.003217000084987376,0.005038999915996101,0.005740999768022448,20000,0,,payload,0,0,0,B-alo,,4.349128000000007,36.658064,145.717096,69.705996,1,suite-20260929T211306Z,,,,"{""acks_late"": true, ""concurrency"": 8, ""pool"": ""prefork"", ""prefetch"": 4, ""processes"": 4, ""producer"": ""sync"", ""producers"": 4, ""system"": ""celery"", ""visibility_timeout"": 10}",2679.108599999381,1693.6071895001987,,,,2605.695246849882,2670.8165299903794,,,,celery,20000,3169.645657107151,342.07586206896553,25.9,1699.872768,small-payload
3.0395,20000,,0,123.92741799976648,65.24630049989355,115.35761604932304,118.70515377999237,0.34274998199998663,81673.91839187192,0.2448762149997492,0.0715770001988858,0.0005110005076858215,0.0010320000001229346,0.0027452005269878693,20000,0,,payload,0,0,0,B-alo,,0.26994200000001456,6.352344,26.414478,24.657604,1,suite-20260929T211306Z,,,,"{""concurrency"": 200, ""mode"": ""reliable"", ""processes"": 4, ""producer"": ""batch"", ""producers"": 4, ""style"": ""async"", ""system"": ""blitzq"", ""visibility_timeout"": 10}",123.92649599951255,65.24567900032707,,,,115.35693159926268,118.70442663058367,,,,blitzq,20000,58351.57126281273,75.62857142857142,1.3399999999999999,155.779072,small-payload
3.03965,20000,,0,115.08942599994043,59.55237450007189,110.26936324988128,112.04819124025562,0.3316302090006502,81678.64547287913,0.24486204300046666,0.5215549999775249,0.0005109995981911197,0.0009719997251522727,0.0029261999770824015,20000,0,,payload,0,0,0,B-alo,,0.26837399999999434,5.272712,26.415001,24.656199,2,suite-20260929T211306Z,,,,"{""concurrency"": 200, ""mode"": ""reliable"", ""processes"": 4, ""producer"": ""batch"", ""producers"": 4, ""style"": ""async"", ""system"": ""blitzq"", ""visibility_timeout"": 10}",115.08853399936925,59.551197000018874,,,,110.26879625001129,112.04761164048249,,,,blitzq,20000,60308.13676555258,84.03333333333333,1.28,155.779072,small-payload
10.0076,20000,,0,2733.8721109999824,1710.5465434997313,2635.3410816502214,2715.503445679742,6.336977923999257,5463.352826303417,3.660755699999754,0.34314799995627254,0.0033360001907567494,0.005038999915996101,0.005831099724673534,20000,0,,payload,0,0,0,B-alo,,4.33912799999996,37.015624,145.716933,69.705941,2,suite-20260929T211306Z,,,,"{""acks_late"": true, ""concurrency"": 8, ""pool"": ""prefork"", ""prefetch"": 4, ""processes"": 4, ""producer"": ""sync"", ""producers"": 4, ""system"": ""celery"", ""visibility_timeout"": 10}",2733.8696659999187,1710.543643499932,,,,2635.336717150085,2715.499470989971,,,,celery,20000,3156.0785345734694,345.10689655172416,26.07,1702.219776,small-payload
10.00775,20000,,0,2791.4153940000688,1777.5116134998825,2704.3478771998707,2781.2031522795496,6.417656587000238,5497.742828286424,3.637856594000368,1.316783999754989,0.003467000169621315,0.005139050608704564,0.005860999417564017,20000,0,,payload,0,0,0,B-alo,,4.379032999999993,37.2464,145.717204,69.707591,3,suite-20260929T211306Z,,,,"{""acks_late"": true, ""concurrency"": 8, ""pool"": ""prefork"", ""prefetch"": 4, ""processes"": 4, ""producer"": ""sync"", ""producers"": 4, ""system"": ""celery"", ""visibility_timeout"": 10}",2791.411094999603,1777.506653999808,,,,2704.3456332503865,2781.200546080263,,,,celery,20000,3116.4023392140502,339.2566666666667,26.5,1703.8336,small-payload
3.0404,20000,,0,108.78880699965521,74.88694449966715,100.5323974995008,107.68251255023642,0.33440044300004956,78534.20647084074,0.2546660990001328,0.04365399945527315,0.0005009997039451264,0.000981999619398266,0.0029050106513750494,20000,0,,payload,0,0,0,B-alo,,0.2788760000000252,4.953424,26.416452,24.6568,3,suite-20260929T211306Z,,,,"{""concurrency"": 200, ""mode"": ""reliable"", ""processes"": 4, ""producer"": ""batch"", ""producers"": 4, ""style"": ""async"", ""system"": ""blitzq"", ""visibility_timeout"": 10}",108.78831599984551,74.88644849991033,,,,100.53187650000837,107.68198184994617,,,,blitzq,20000,59808.533208184286,85.11666666666666,1.29,155.795456,small-payload
3.0415,20000,,0,101.60524200000509,47.70143699988694,95.8205770002678,100.70648852966768,0.3403636479997658,77774.75113010194,0.25715286400009063,0.06151799971121363,0.0005109995981911197,0.0009719997251522727,0.0030966999929659114,20000,0,,payload,0,0,0,B-alo,,0.28278099999999995,5.397776,26.418146,24.656851,4,suite-20260929T211306Z,,,,"{""concurrency"": 200, ""mode"": ""reliable"", ""processes"": 4, ""producer"": ""batch"", ""producers"": 4, ""style"": ""async"", ""system"": ""blitzq"", ""visibility_timeout"": 10}",101.60476100008964,47.700955999971484,,,,95.82004699996105,100.70599692986433,,,,blitzq,20000,58760.68175181199,81.91666666666667,1.2599999999999998,155.91424,small-payload
10.0077,20000,,0,2729.643089000092,1922.51110899997,2682.5700358503577,2727.1043021103287,6.626311840999733,5102.92201936244,3.9193230709997806,0.4149349997533136,0.0035769999158219434,0.0054510001064045355,0.006383090249073561,20000,0,,payload,0,0,0,B-alo,,4.485317000000009,36.967744,145.71708,69.707305,4,suite-20260929T211306Z,,,,"{""acks_late"": true, ""concurrency"": 8, ""pool"": ""prefork"", ""prefetch"": 4, ""processes"": 4, ""producer"": ""sync"", ""producers"": 4, ""system"": ""celery"", ""visibility_timeout"": 10}",2729.6411450006417,1922.5065804998849,,,,2682.567398349738,2727.102158090165,,,,celery,20000,3018.2702655573385,348.7633333333333,27.400000000000002,1700.245504,small-payload
4.284,3000,,0,13.397673999861581,2.209912000580516,3.08536445018035,3.4737393504110523,1.3319900070000585,2255.7158531416544,1.3299547439992239,0.02242299979116069,0.001838000116549665,0.003015999936906155,0.003587099809010399,3000,0,,payload,0,0,0,A-alo,,0.6066099999999892,3.715176,308.297118,307.872836,0,suite-20260929T211306Z,,,,"{""concurrency"": 16, ""mode"": ""reliable"", ""processes"": 1, ""producer"": ""sync"", ""style"": ""sync"", ""system"": ""blitzq"", ""visibility_timeout"": 10}",13.391932999184064,2.2080785001890035,,,,3.0838349000987364,3.4721096298471825,,,,blitzq,3000,2252.2691493434518,58.5,1.4700000000000002,38.903808,large-payload
10.036333333333333,3000,,0,2941.4297549992625,1632.1345890000885,2817.41602670013,2915.5627838892997,6.35319516599975,878.9683664540134,3.413092114000392,1.0227390002910397,0.0037669997254852206,0.004999999873689376,0.00664230979964487,3000,0,,payload,0,0,0,A-alo,,1.5884479999999712,243.570056,832.878391,416.006778,0,suite-20260929T211306Z,,,,"{""acks_late"": true, ""concurrency"": 16, ""pool"": ""prefork"", ""prefetch"": 4, ""processes"": 1, ""producer"": ""sync"", ""system"": ""celery"", ""visibility_timeout"": 10}",2941.4258369997697,1632.1308370002043,,,,2817.4120762502753,2915.55987058965,,,,celery,3000,472.20334361126373,96.58,7.35,782.041088,large-payload
10.036666666666667,3000,,0,2944.350570000097,1632.8188719999162,2800.489278849955,2913.882898760458,6.327925935999701,886.1906452832346,3.385276086999511,1.011194000057003,0.0036769997677765787,0.004929000169795472,0.007052999544612248,3000,0,,payload,0,0,0,A-alo,,1.57984799999997,247.339568,832.878618,416.006949,1,suite-20260929T211306Z,,,,"{""acks_late"": true, ""concurrency"": 16, ""pool"": ""prefork"", ""prefetch"": 4, ""processes"": 1, ""producer"": ""sync"", ""system"": ""celery"", ""visibility_timeout"": 10}",2944.346812000731,1632.8150344997994,,,,2800.486025849932,2913.8792634702713,,,,celery,3000,474.0889875042529,95.92333333333335,7.3,781.778944,large-payload
4.286,3000,,0,13.124240999786707,2.22234649982056,3.1832621004923567,3.61180488998798,1.3390722730000562,2242.7494182088963,1.3376438650002456,0.043854000068677124,0.0018539999473432545,0.0029259999791975133,0.003597100603656147,3000,0,,payload,0,0,0,A-alo,,0.5970449999999232,3.606144,308.297475,307.872949,1,suite-20260929T211306Z,,,,"{""concurrency"": 16, ""mode"": ""reliable"", ""processes"": 1, ""producer"": ""sync"", ""style"": ""sync"", ""system"": ""blitzq"", ""visibility_timeout"": 10}",13.119641999765008,2.220869000211678,,,,3.1809440503366204,3.609501989794808,,,,blitzq,3000,2240.3570445669843,58.89,1.48,39.886848,large-payload
4.458,3000,,0,12.772210000548512,1.92744349988061,2.7398473499488327,3.304328059384718,1.3065537419997781,2298.6174579141148,1.3051323479994608,0.03562900019460358,0.0019339995560585521,0.0028459999612096,0.0033462000828876673,3000,0,,payload,0,0,0,A-alo,,0.5945480000000316,3.495144,308.327391,307.880815,2,suite-20260929T211306Z,,,,"{""concurrency"": 16, ""mode"": ""reliable"", ""processes"": 1, ""producer"": ""sync"", ""style"": ""sync"", ""system"": ""blitzq"", ""visibility_timeout"": 10}",12.767611000526813,1.925779999965016,,,,2.7368264496544734,3.3013589799338687,,,,blitzq,3000,2296.116802213031,57.31,1.4399999999999995,39.641088,large-payload
10.036666666666667,3000,,0,3035.4133649998403,1658.4295729999212,2896.8092152999816,3008.7437103998586,6.347146903000066,905.5222172205816,3.3130054050006947,0.051248000090708956,0.0036619999264075886,0.004729499551103801,0.006773899767722489,3000,0,,payload,0,0,0,A-alo,,1.5709529999999745,242.39792,832.878456,416.006868,2,suite-20260929T211306Z,,,,"{""acks_late"": true, ""concurrency"": 16, ""pool"": ""prefork"", ""prefetch"": 4, ""processes"": 1, ""producer"": ""sync"", ""system"": ""celery"", ""visibility_timeout"": 10}",3035.4092570005378,1658.4260864997304,,,,2896.80577634972,3008.7412681896967,,,,celery,3000,472.6533111407913,96.47333333333334,7.34,781.98784,large-payload
10.035333333333334,3000,,0,2881.4860890006457,1586.945690000448,2752.028394600211,2856.876565270041,6.210988982999879,900.4961059972673,3.3314969160001056,0.06385200049408013,0.0036470000850385986,0.004780449489771856,0.006233900476218009,3000,0,,payload,0,0,0,A-alo,,1.576449000000025,238.956312,832.87833,416.005272,3,suite-20260929T211306Z,,,,"{""acks_late"": true, ""concurrency"": 16, ""pool"": ""prefork"", ""prefetch"": 4, ""processes"": 1, ""producer"": ""sync"", ""system"": ""celery"", ""visibility_timeout"": 10}",2881.4838950002013,1586.9414720004897,,,,2752.0252370496114,2856.8730989594133,,,,celery,3000,483.01486417240653,97.35172413793104,7.16,789.46304,large-payload
4.310333333333333,3000,,0,13.324280000233557,2.1304695001163054,2.943344899631484,3.283729029653842,1.3063127549994533,2299.4651186598453,1.3046512319997419,0.04347300000517862,0.0016829999367473647,0.0029664504381798924,0.0036871996599074966,3000,0,,payload,0,0,0,A-alo,,0.584775000000036,3.87784,308.302103,307.874116,3,suite-20260929T211306Z,,,,"{""concurrency"": 16, ""mode"": ""reliable"", ""processes"": 1, ""producer"": ""sync"", ""style"": ""sync"", ""system"": ""blitzq"", ""visibility_timeout"": 10}",13.319321000381024,2.128421499492106,,,,2.9411060500478925,3.2807188397146105,,,,blitzq,3000,2296.540387069294,57.69,1.4499999999999997,39.36256,large-payload
4.261333333333333,3000,,0,12.786343000698253,2.198565999606217,3.0571686499115467,3.4118898294400446,1.3003453399996943,2310.2351017220476,1.2985691359999691,0.03307399947516387,0.0016730000425013714,0.002785999640764203,0.003226300441383507,3000,0,,payload,0,0,0,A-alo,,0.5825570000000084,3.60468,308.292234,307.871565,4,suite-20260929T211306Z,,,,"{""concurrency"": 16, ""mode"": ""reliable"", ""processes"": 1, ""producer"": ""sync"", ""style"": ""sync"", ""system"": ""blitzq"", ""visibility_timeout"": 10}",12.781323000126577,2.1966819999761356,,,,3.055657350023467,3.4097402193765465,,,,blitzq,3000,2307.0794409127543,57.68000000000001,1.4499999999999997,39.858176,large-payload
10.035666666666666,3000,,0,2881.1876640002083,1623.489432000497,2756.4080159001155,2855.8259467503103,6.265337367000029,886.2367973072863,3.3850997939998706,0.9430879999854369,0.003697000465763267,0.0048989996230375255,0.006933409895282248,3000,0,,payload,0,0,0,A-alo,,1.5733330000000478,241.264768,832.878481,416.005324,4,suite-20260929T211306Z,,,,"{""acks_late"": true, ""concurrency"": 16, ""pool"": ""prefork"", ""prefetch"": 4, ""processes"": 1, ""producer"": ""sync"", ""system"": ""celery"", ""visibility_timeout"": 10}",2881.1836670001867,1623.485584500031,,,,2756.404296399978,2855.823132470096,,,,celery,3000,478.8249737039238,98.32758620689657,7.2299999999999995,781.791232,large-payload
3.0833333333333335,3000,,0,657.1049760004826,488.06646800039744,655.4354177996629,656.5421030404106,0.8218639090000579,4503.807151501811,0.6661031210005603,0.02648999998200452,0.0005909996616537683,0.0013334999948710921,0.005470210362545917,3000,0,,payload,0,0,0,B-alo,,0.783253000000002,212.109232,308.111242,307.853995,0,suite-20260929T211306Z,,,,"{""concurrency"": 200, ""mode"": ""reliable"", ""processes"": 4, ""producer"": ""batch"", ""producers"": 4, ""style"": ""async"", ""system"": ""blitzq"", ""visibility_timeout"": 10}",657.1044350002921,488.06573700039735,,,,655.4348477997792,656.5415418395332,,,,blitzq,3000,3650.239373146374,34.6,0.7099999999999997,287.977472,large-payload
10.035,3000,,0,946.3714099993012,672.9481470001701,920.4487493004309,940.3420116005054,2.4486929129998316,1946.5920356261286,1.5411549749996993,1.1864640000567306,0.005490999683388509,0.00799505046416016,0.00985089998721382,3000,0,,payload,0,0,0,B-alo,,1.5597229999999627,218.38184,832.878958,415.983065,0,suite-20260929T211306Z,,,,"{""acks_late"": true, ""concurrency"": 8, ""pool"": ""prefork"", ""prefetch"": 4, ""processes"": 4, ""producer"": ""sync"", ""producers"": 4, ""system"": ""celery"", ""visibility_timeout"": 10}",946.3650580000831,672.9416200000742,,,,920.4449752504843,940.3372549003507,,,,celery,3000,1225.1434159315536,290.0857142857143,10.67,1720.905728,large-payload
10.034666666666666,3000,,0,887.5084340006651,598.8430820002577,864.5392588496179,882.3497404403588,2.3529899360000854,2010.2372026435646,1.4923611979993439,1.280034999581403,0.00534999981027795,0.00757545035412477,0.009388499856868305,3000,0,,payload,0,0,0,B-alo,,1.5156690000000026,215.896408,832.879016,415.982945,1,suite-20260929T211306Z,,,,"{""acks_late"": true, ""concurrency"": 8, ""pool"": ""prefork"", ""prefetch"": 4, ""processes"": 4, ""producer"": ""sync"", ""producers"": 4, ""system"": ""celery"", ""visibility_timeout"": 10}",887.5040850007281,598.8377915000456,,,,864.5345418498437,882.3445004604037,,,,celery,3000,1274.9735789774713,280.50714285714287,10.29,1723.789312,large-payload
3.0773333333333333,3000,,0,684.9922450001031,495.6737104998865,683.5231467995982,684.4671676098096,0.7979183440002089,5230.68321633892,0.5735388430002786,0.5561670004681218,0.0005609999789157882,0.0010424998890812295,0.004659200294554471,3000,0,,payload,0,0,0,B-alo,,0.7728960000000029,272.291312,308.109993,307.853776,1,suite-20260929T211306Z,,,,"{""concurrency"": 200, ""mode"": ""reliable"", ""processes"": 4, ""producer"": ""batch"", ""producers"": 4, ""style"": ""async"", ""system"": ""blitzq"", ""visibility_timeout"": 10}",684.9916439996377,495.67321449967494,,,,683.5225972994976,684.4666363095166,,,,blitzq,3000,3759.7832191199936,30.8125,0.6799999999999998,288.190464,large-payload
3.077,3000,,0,663.9954760003093,469.70910700019886,662.8125286501472,663.5881019002136,0.7820587420001175,5206.875100952326,0.5761613140002737,0.11914900005649542,0.0005709998731617816,0.0011825502497231374,0.00525039996318811,3000,0,,payload,0,0,0,B-alo,,0.757801000000029,261.3898,308.109977,307.853791,2,suite-20260929T211306Z,,,,"{""concurrency"": 200, ""mode"": ""reliable"", ""processes"": 4, ""producer"": ""batch"", ""producers"": 4, ""style"": ""async"", ""system"": ""blitzq"", ""visibility_timeout"": 10}",663.9949150003304,469.7085759999027,,,,662.8119971499018,663.5876107995045,,,,blitzq,3000,3836.0289820781127,31.5375,0.6699999999999997,288.628736,large-payload
10.035,3000,,0,908.0203920002532,602.4672109997482,893.6552747994938,905.4158610599643,2.372444939000161,1997.2410777503019,1.502072049999697,2.590748000329768,0.005289999990054639,0.0075750003816210665,0.009168200358544713,3000,0,,payload,0,0,0,B-alo,,1.5116789999999583,222.282592,832.87902,415.983026,2,suite-20260929T211306Z,,,,"{""acks_late"": true, ""concurrency"": 8, ""pool"": ""prefork"", ""prefetch"": 4, ""processes"": 4, ""producer"": ""sync"", ""producers"": 4, ""system"": ""celery"", ""visibility_timeout"": 10}",908.014550000189,602.4622914997053,,,,893.6515876993782,905.4097425404689,,,,celery,3000,1264.5182826726907,284.4714285714286,10.43,1726.722048,large-payload
10.035,3000,,0,917.3764850002044,615.6079559996215,895.4227443502077,913.894346679981,2.346845182999459,2033.1149548524982,1.4755683109997335,1.5126329999475274,0.005360000614018645,0.007644500101378073,0.009197699600918001,3000,0,,payload,0,0,0,B-alo,,1.522344999999973,230.80644,832.87893,415.98295,3,suite-20260929T211306Z,,,,"{""acks_late"": true, ""concurrency"": 8, ""pool"": ""prefork"", ""prefetch"": 4, ""processes"": 4, ""producer"": ""sync"", ""producers"": 4, ""system"": ""celery"", ""visibility_timeout"": 10}",917.371374999675,615.603126499991,,,,895.4182079005477,913.8906975597911,,,,celery,3000,1278.3118467856307,278.6642857142857,10.209999999999999,1725.382656,large-payload
3.0773333333333333,3000,,0,677.5670449997051,488.57294900017223,675.5835121995005,676.8859542693281,0.7869960539992462,5234.714403618132,0.5730971679995491,0.035617999856185634,0.0005909996616537683,0.0014030001693754457,0.004699999872173088,3000,0,,payload,0,0,0,B-alo,,0.7568819999999619,272.046448,308.109987,307.853811,3,suite-20260929T211306Z,,,,"{""concurrency"": 200, ""mode"": ""reliable"", ""processes"": 4, ""producer"": ""batch"", ""producers"": 4, ""style"": ""async"", ""system"": ""blitzq"", ""visibility_timeout"": 10}",677.5656729996626,488.57239800008756,,,,675.5829351997363,676.8849422396033,,,,blitzq,3000,3811.963204586631,31.425,0.69,287.3344,large-payload
3.0773333333333333,3000,,0,658.3810930005711,460.13193499993577,657.2356637500434,657.976631430156,0.7715705270002218,5095.547650079197,0.5887492780002503,0.6959540005482268,0.0005609999789157882,0.0012219998097862117,0.005130400313646542,3000,0,,payload,0,0,0,B-alo,,0.7425400000000195,261.860952,308.110002,307.853794,4,suite-20260929T211306Z,,,,"{""concurrency"": 200, ""mode"": ""reliable"", ""processes"": 4, ""producer"": ""batch"", ""producers"": 4, ""style"": ""async"", ""system"": ""blitzq"", ""visibility_timeout"": 10}",658.380562000275,460.13140900004146,,,,657.2351092508143,657.9761103306646,,,,blitzq,3000,3888.173400899148,32.9875,0.6999999999999998,289.697792,large-payload
10.034666666666666,3000,,0,937.357415000406,671.250782500465,912.7610489002564,932.8556946002936,2.3925910389998535,2047.1399320330702,1.4654591769995022,1.4926779995221295,0.005030000465922058,0.007264000487339217,0.008856999556883238,3000,0,,payload,0,0,0,B-alo,,1.5715380000000323,228.231992,832.878959,415.983075,4,suite-20260929T211306Z,,,,"{""acks_late"": true, ""concurrency"": 8, ""pool"": ""prefork"", ""prefetch"": 4, ""processes"": 4, ""producer"": ""sync"", ""producers"": 4, ""system"": ""celery"", ""visibility_timeout"": 10}",937.353106000046,671.2437740002315,,,,912.7547070994297,932.8499512197232,,,,celery,3000,1253.8707832217137,278.8285714285715,10.21,1721.638912,large-payload
5.5308,10000,,0,9813.635221000368,4903.151492999768,9317.941680050444,9714.977965269973,13.236961839999822,2920.3560293412183,3.424240024000028,21.30879900050786,20.107538500269584,20.40767004978079,20.64232203985739,10000,0,,io,0,0,0,A-alo,,1.476761999999951,3.35276,4.235372,2.346982,0,suite-20260929T211306Z,,,,"{""concurrency"": 16, ""mode"": ""reliable"", ""processes"": 1, ""producer"": ""sync"", ""style"": ""sync"", ""system"": ""blitzq"", ""visibility_timeout"": 10}",9793.509232999895,4882.967387000008,,,,9297.841099200285,9694.595081910084,,,,blitzq,10000,755.4603632520659,44.5948275862069,6.500000000000001,38.760448,async-io
10.0201,10000,,0,8713.535334999506,4312.3163905002,8273.705619349903,8625.814993969216,13.815081958000519,1959.0773849651673,5.104443590000301,23.034265999740455,20.11074650044975,20.147568050515474,20.187723120161536,10000,0,,io,0,0,0,A-alo,,2.5936709999999152,8.993744,25.582849,11.282099,0,suite-20260929T211306Z,,,,"{""acks_late"": true, ""concurrency"": 16, ""pool"": ""prefork"", ""prefetch"": 4, ""processes"": 1, ""producer"": ""sync"", ""system"": ""celery"", ""visibility_timeout"": 10}",8693.405893999625,4292.210583999804,,,,8253.610606599566,8605.691975829332,,,,celery,10000,723.8465924705464,87.96610169491528,13.2,816.37376,async-io
10.0201,10000,,0,8660.564026999964,4334.142565000093,8221.206611649586,8570.48113024025,13.885532098999647,1912.6857516053328,5.228250375999778,21.078555999338278,20.114850000027218,20.153968750128115,20.19976061064881,10000,0,,io,0,0,0,A-alo,,2.6234379999999646,8.932872,25.58339,11.282322,1,suite-20260929T211306Z,,,,"{""acks_late"": true, ""concurrency"": 16, ""pool"": ""prefork"", ""prefetch"": 4, ""processes"": 1, ""producer"": ""sync"", ""system"": ""celery"", ""visibility_timeout"": 10}",8640.470729000299,4314.048861000174,,,,8201.105608549688,8550.357121870748,,,,celery,10000,720.1740580557534,88.471186440678,13.28,815.8208,async-io
5.5295,10000,,0,9791.380669999853,4904.382743000042,9301.05032314973,9691.680052349193,13.235768548999658,2902.8561449519693,3.4448830739993355,21.53166100015369,20.10594849980407,20.411334999198516,20.65375375997064,10000,0,,io,0,0,0,A-alo,,1.47672799999998,3.341424,4.235038,2.346778,1,suite-20260929T211306Z,,,,"{""concurrency"": 16, ""mode"": ""reliable"", ""processes"": 1, ""producer"": ""sync"", ""style"": ""sync"", ""system"": ""blitzq"", ""visibility_timeout"": 10}",9771.287337999638,4884.287647500059,,,,9280.921439050006,9671.339938809688,,,,blitzq,10000,755.5284729390185,44.80344827586207,6.53,38.760448,async-io
5.5085,10000,,0,9870.088636000219,4914.153571000043,9372.091668350413,9768.522997720249,13.251625136999792,2956.9508860407477,3.381862055000056,21.74308200028463,20.107056500364706,20.426881150433474,20.674917679962164,10000,0,,io,0,0,0,A-alo,,1.4651379999999676,3.412576,4.222585,2.34347,2,suite-20260929T211306Z,,,,"{""concurrency"": 16, ""mode"": ""reliable"", ""processes"": 1, ""producer"": ""sync"", ""style"": ""sync"", ""system"": ""blitzq"", ""visibility_timeout"": 10}",9849.995616000342,4894.053331500345,,,,9351.968264550622,9748.313560049603,,,,blitzq,10000,754.6244250510116,44.80172413793103,6.53,38.260736,async-io
10.0204,10000,,0,8911.705342999994,4456.7207915001745,8456.889608700385,8822.395901739601,13.961678907000532,1978.2210820174325,5.055046724000022,21.235219000118377,20.115291500133026,20.156001650047983,20.20377181008371,10000,0,,io,0,0,0,A-alo,,2.5884589999999434,9.002856,25.583091,11.283523,2,suite-20260929T211306Z,,,,"{""acks_late"": true, ""concurrency"": 16, ""pool"": ""prefork"", ""prefetch"": 4, ""processes"": 1, ""producer"": ""sync"", ""system"": ""celery"", ""visibility_timeout"": 10}",8891.569895999965,4436.614880000434,,,,8436.725193100528,8802.282049490013,,,,celery,10000,716.2462384796642,86.0116666666667,13.13,815.251456,async-io
10.0201,10000,,0,8816.802183000618,4397.121646999949,8373.763445299983,8729.658338779738,13.883485676000419,1972.0273092888144,5.0709236900002,21.15896299983433,20.113881500037678,20.15272305011422,20.20335239997621,10000,0,,io,0,0,0,A-alo,,2.5857050000000754,8.985392,25.58326,11.282236,3,suite-20260929T211306Z,,,,"{""acks_late"": true, ""concurrency"": 16, ""pool"": ""prefork"", ""prefetch"": 4, ""processes"": 1, ""producer"": ""sync"", ""system"": ""celery"", ""visibility_timeout"": 10}",8796.673578000082,4377.025729999787,,,,8353.63102100032,8709.552753929738,,,,celery,10000,720.2802115672164,87.68135593220343,13.16,815.345664,async-io
5.507,10000,,0,9823.101138000311,4901.809229999799,9333.879814050078,9726.924271919816,13.242436422000537,2924.223322857036,3.419711456999721,22.019492000254104,20.106749999285967,20.413986350695268,20.670249119675645,10000,0,,io,0,0,0,A-alo,,1.4652370000000587,3.36084,4.221969,2.343277,3,suite-20260929T211306Z,,,,"{""concurrency"": 16, ""mode"": ""reliable"", ""processes"": 1, ""producer"": ""sync"", ""style"": ""sync"", ""system"": ""blitzq"", ""visibility_timeout"": 10}",9803.01135300033,4881.556311499935,,,,9313.607392349695,9706.843811530089,,,,blitzq,10000,755.1480468795256,44.577586206896555,6.500000000000001,38.805504,async-io
5.457,10000,,0,9878.503496999656,4940.517464499862,9383.605344749592,9780.056725350569,13.275582993999706,2943.3789179252676,3.3974558760000946,21.476605999851017,20.109045500248612,20.431279050353623,20.731923940538763,10000,0,,io,0,0,0,A-alo,,1.4458650000000262,3.349328,4.195056,2.336059,4,suite-20260929T211306Z,,,,"{""concurrency"": 16, ""mode"": ""reliable"", ""processes"": 1, ""producer"": ""sync"", ""style"": ""sync"", ""system"": ""blitzq"", ""visibility_timeout"": 10}",9858.403675999398,4920.409261000259,,,,9363.508821299816,9759.961538160542,,,,blitzq,10000,753.262587753758,44.050000000000004,6.42,38.66624,async-io
10.02,10000,,0,8851.630549999754,4353.278731499813,8397.751882249804,8757.298172229266,13.875828490999993,1989.843761033711,5.025520191999931,21.249540000098932,20.114103000196337,20.1514060503996,20.19255035959759,10000,0,,io,0,0,0,A-alo,,2.6477109999999584,8.957624,25.582688,11.282063,4,suite-20260929T211306Z,,,,"{""acks_late"": true, ""concurrency"": 16, ""pool"": ""prefork"", ""prefetch"": 4, ""processes"": 1, ""producer"": ""sync"", ""system"": ""celery"", ""visibility_timeout"": 10}",8831.492584999978,4333.162622499913,,,,8377.639523899552,8737.208444929893,,,,celery,10000,720.6776882898274,91.39491525423732,13.719999999999999,813.662208,async-io
3.0495,10000,,0,140.35989299918583,94.94518100018468,126.91752364953574,136.73875164987297,0.23919504699915706,72676.17952323002,0.13759666599980847,42.08245399968291,25.328378500034887,36.29431154995473,41.58147329039821,10000,0,,io,0,0,0,B-alo,,0.13234299999999166,3.809672,2.914257,2.036245,0,suite-20260929T211306Z,,,,"{""concurrency"": 500, ""mode"": ""reliable"", ""processes"": 4, ""producer"": ""batch"", ""producers"": 4, ""style"": ""async"", ""system"": ""blitzq"", ""visibility_timeout"": 10}",100.58029599986185,67.25166299929697,,,,92.78699125006823,99.9257966602454,,,,blitzq,10000,41806.88574222543,54.93333333333333,0.8699999999999999,160.78848,async-io
10.012,10000,,0,1910.2001350001956,1180.66015300019,1839.9958666003383,1901.3419454997165,3.914130082999691,4938.002419186715,2.0251103889995647,69.44595400000253,20.10815149969858,20.316436899474862,21.54788851051308,10000,0,,io,0,0,0,B-alo,,2.23233799999997,8.364112,25.581743,11.222683,0,suite-20260929T211306Z,,,,"{""acks_late"": true, ""concurrency"": 16, ""pool"": ""prefork"", ""prefetch"": 4, ""processes"": 4, ""producer"": ""sync"", ""producers"": 4, ""system"": ""celery"", ""visibility_timeout"": 10}",1890.093003000402,1160.5633510002917,,,,1819.8962517002656,1881.2337187801768,,,,celery,10000,2554.8461057625996,330.43157894736845,17.05,3258.851328,async-io
10.012,10000,,0,1876.3277180005389,1058.2012710001436,1812.9541930495632,1870.9489644196856,3.7655829840005026,5227.02188581757,1.9131352840004183,51.93260299984104,20.107507999910013,20.24242865031738,21.195691420507515,10000,0,,io,0,0,0,B-alo,,2.1730329999999753,8.088544,25.58154,11.22255,1,suite-20260929T211306Z,,,,"{""acks_late"": true, ""concurrency"": 16, ""pool"": ""prefork"", ""prefetch"": 4, ""processes"": 4, ""producer"": ""sync"", ""producers"": 4, ""system"": ""celery"", ""visibility_timeout"": 10}",1856.2333270001545,1038.0961209998532,,,,1792.8552785998818,1850.8481495295564,,,,celery,10000,2655.631290689587,319.61052631578934,16.380000000000003,3256.50432,async-io
3.0517,10000,,0,140.67890800015448,98.16489749982793,126.7118533001394,138.61617962985292,0.24768104999930074,77397.57046902663,0.12920302199927391,47.704589999739255,25.79196899978342,41.718893000143,47.42391817046159,10000,0,,io,0,0,0,B-alo,,0.13350299999996196,3.706664,2.915967,2.036617,1,suite-20260929T211306Z,,,,"{""concurrency"": 500, ""mode"": ""reliable"", ""processes"": 4, ""producer"": ""batch"", ""producers"": 4, ""style"": ""async"", ""system"": ""blitzq"", ""visibility_timeout"": 10}",109.50680199948692,72.2074249997604,,,,104.01962590062794,107.78595535042768,,,,blitzq,10000,40374.50584139655,56.28333333333334,0.8899999999999998,161.316864,async-io
3.0508,10000,,0,139.3512960003136,83.51752600037798,120.39549635042022,138.58791867022774,0.23893255699931615,62456.07737324707,0.16011252099997364,43.90450999926543,25.36063199977434,38.75459609967038,43.03420937921159,10000,0,,io,0,0,0,B-alo,,0.1256609999999796,3.686024,2.914678,2.036361,2,suite-20260929T211306Z,,,,"{""concurrency"": 500, ""mode"": ""reliable"", ""processes"": 4, ""producer"": ""batch"", ""producers"": 4, ""style"": ""async"", ""system"": ""blitzq"", ""visibility_timeout"": 10}",100.71730300023773,57.1507149993522,,,,94.13017065007806,97.12460622973595,,,,blitzq,10000,41852.81455816262,52.73333333333333,0.8399999999999997,161.439744,async-io
10.0121,10000,,0,1917.6886920004108,1160.771368499809,1858.7266863497916,1908.2749879098901,3.9087637479997284,4976.469379133616,2.0094567530004497,69.10382200021559,20.109495999804494,20.26281830053449,21.450719830345424,10000,0,,io,0,0,0,B-alo,,2.249824999999987,8.427912,25.581999,11.222974,2,suite-20260929T211306Z,,,,"{""acks_late"": true, ""concurrency"": 16, ""pool"": ""prefork"", ""prefetch"": 4, ""processes"": 4, ""producer"": ""sync"", ""producers"": 4, ""system"": ""celery"", ""visibility_timeout"": 10}",1897.5884440005757,1140.6564875001095,,,,1838.6251304001232,1888.1680940297974,,,,celery,10000,2558.353649569484,327.3736842105263,16.83,3258.331136,async-io
10.0121,10000,,0,1846.076302000256,1067.7850274996672,1791.2190174495659,1833.6858357999881,3.799760000999413,5085.5193598515425,1.9663675019992297,54.31285400027264,20.108507000259124,20.27437990004728,21.633061199509047,10000,0,,io,0,0,0,B-alo,,2.204970000000003,8.060064,25.581781,11.222615,3,suite-20260929T211306Z,,,,"{""acks_late"": true, ""concurrency"": 16, ""pool"": ""prefork"", ""prefetch"": 4, ""processes"": 4, ""producer"": ""sync"", ""producers"": 4, ""system"": ""celery"", ""visibility_timeout"": 10}",1825.98033999966,1047.6709279996612,,,,1771.1167963494058,1813.569564420086,,,,celery,10000,2631.745162160189,321.0842105263157,16.56,3255.82848,async-io
3.0518,10000,,0,140.6667839992224,92.87421149974762,132.6518306501839,138.93869747001193,0.23591938600020512,74723.99180427488,0.1338258270006918,43.49384099987219,25.02933200003099,37.81104054983189,43.31162916959329,10000,0,,io,0,0,0,B-alo,,0.12830000000002428,3.754624,2.915725,2.036551,3,suite-20260929T211306Z,,,,"{""concurrency"": 500, ""mode"": ""reliable"", ""processes"": 4, ""producer"": ""batch"", ""producers"": 4, ""style"": ""async"", ""system"": ""blitzq"", ""visibility_timeout"": 10}",100.7980040003531,67.79505200029234,,,,97.0463973500955,100.15775466004925,,,,blitzq,10000,42387.360231563616,53.03333333333333,0.84,161.513472,async-io
3.0514,10000,,0,180.60870299996168,101.69394200011084,168.71721669995168,178.32435309004723,0.2401148060007472,135380.10177028886,0.0738660990000426,41.36943199955567,26.268255499871884,36.99449054956858,39.148420919609634,10000,0,,io,0,0,0,B-alo,,0.12200899999999137,2.837984,2.914902,2.036428,4,suite-20260929T211306Z,,,,"{""concurrency"": 500, ""mode"": ""reliable"", ""processes"": 4, ""producer"": ""batch"", ""producers"": 4, ""style"": ""async"", ""system"": ""blitzq"", ""visibility_timeout"": 10}",159.1027459999168,75.95227249976233,,,,147.23748965038794,157.71555011994678,,,,blitzq,10000,41646.744599201775,54.800000000000004,0.8299999999999998,161.824768,async-io
10.0121,10000,,0,1834.8121870003524,1056.6305560005276,1769.1618181504052,1828.0198152004687,3.7914045030001944,5070.475260726236,1.9722017140002208,58.996052999646054,20.10797500042827,20.279617300366226,21.376492050094402,10000,0,,io,0,0,0,B-alo,,2.181831999999986,8.138904,25.581532,11.222491,4,suite-20260929T211306Z,,,,"{""acks_late"": true, ""concurrency"": 16, ""pool"": ""prefork"", ""prefetch"": 4, ""processes"": 4, ""producer"": ""sync"", ""producers"": 4, ""system"": ""celery"", ""visibility_timeout"": 10}",1814.7059749999244,1036.5264140000363,,,,1749.0496967999204,1807.9210375300227,,,,celery,10000,2637.545002672981,321.73157894736835,16.6,3263.7952,async-io
4.0465,2000,,0,26959.231168999395,13523.265620000075,25617.785393049737,26728.078110420156,27.680803186999583,2767.641709010122,0.7226368909996381,323.9393789999667,47.016844999689056,166.973282899653,212.7920594900479,2000,0,,cpu,0,0,0,A-alo,,0.35115999999999303,2.793232,0.693113,0.588522,0,suite-20260929T211306Z,,,,"{""concurrency"": 16, ""mode"": ""reliable"", ""processes"": 1, ""producer"": ""sync"", ""style"": ""sync"", ""system"": ""blitzq"", ""visibility_timeout"": 10}",26893.660091999664,13424.723920500583,,,,25552.145399950223,26639.358643359337,,,,blitzq,2000,72.25223872619813,98.34869565217392,28.43,38.731776,cpu-bound
10.0405,2000,,0,2784.3183519999,1464.8925974997837,2645.34425814968,2759.3926285199086,4.112169865999931,1502.8446463397413,1.3308095449992834,60.77618600011192,24.97608500016213,43.59565784993719,49.47428640071848,2000,0,,cpu,0,0,0,A-alo,,0.43117800000004536,4.101656,5.153496,2.291382,0,suite-20260929T211306Z,,,,"{""acks_late"": true, ""concurrency"": 16, ""pool"": ""prefork"", ""prefetch"": 4, ""processes"": 1, ""producer"": ""sync"", ""system"": ""celery"", ""visibility_timeout"": 10}",2765.537239999503,1443.7866895000298,,,,2616.8800950499644,2735.737463419973,,,,celery,2000,486.3612314598955,794.2285714285714,43.11,814.907392,cpu-bound
10.041,2000,,0,2768.7614080005005,1391.2733385000138,2649.844215249823,2746.3478890401802,4.135627241000293,1460.1905789348286,1.369684223999684,59.42639200020494,25.080084500132216,43.19972965031411,49.51547225009562,2000,0,,cpu,0,0,0,A-alo,,0.4367229999999722,4.171488,5.153523,2.291465,1,suite-20260929T211306Z,,,,"{""acks_late"": true, ""concurrency"": 16, ""pool"": ""prefork"", ""prefetch"": 4, ""processes"": 1, ""producer"": ""sync"", ""system"": ""celery"", ""visibility_timeout"": 10}",2746.941495000101,1367.2253464997084,,,,2621.387400649519,2720.109747039951,,,,celery,2000,483.6025791135508,798.3761904761903,43.4,814.526464,cpu-bound
4.0785,2000,,0,26595.237104999796,13351.872423999794,25282.72721254998,26388.73365257013,27.295611352999913,2850.150416188229,0.7017173510002976,383.1804440005726,46.79378749960961,154.34744139975007,202.8254809399186,2000,0,,cpu,0,0,0,A-alo,,0.34301499999997986,2.809504,0.696698,0.586689,1,suite-20260929T211306Z,,,,"{""concurrency"": 16, ""mode"": ""reliable"", ""processes"": 1, ""producer"": ""sync"", ""style"": ""sync"", ""system"": ""blitzq"", ""visibility_timeout"": 10}",26551.798743999825,13287.59254500028,,,,25259.095143199465,26309.18314891994,,,,blitzq,2000,73.27185217194965,98.72212389380532,28.04,38.309888,cpu-bound
4.049,2000,,0,26471.613716999855,13269.53968700036,25166.108270800076,26252.911560060384,27.198980574000416,2748.289135391807,0.727725468999779,295.5362230004539,45.4031164999833,158.6754449500404,192.4904522696215,2000,0,,cpu,0,0,0,A-alo,,0.3453630000000203,2.820864,0.692317,0.585532,2,suite-20260929T211306Z,,,,"{""concurrency"": 16, ""mode"": ""reliable"", ""processes"": 1, ""producer"": ""sync"", ""style"": ""sync"", ""system"": ""blitzq"", ""visibility_timeout"": 10}",26443.670462999762,13181.790230999923,,,,25082.964581349916,26163.086425209724,,,,blitzq,2000,73.53216766924734,98.25575221238938,27.91,38.887424,cpu-bound
10.0405,2000,,0,2680.4604859999017,1524.3272409998099,2552.771801599556,2654.7930666099273,4.2570922060003795,1267.4533057302074,1.5779674020004677,60.62505099998816,25.309848000233615,45.90361279929311,52.75007252968862,2000,0,,cpu,0,0,0,A-alo,,0.47753000000000156,4.081136,5.153458,2.291335,2,suite-20260929T211306Z,,,,"{""acks_late"": true, ""concurrency"": 16, ""pool"": ""prefork"", ""prefetch"": 4, ""processes"": 1, ""producer"": ""sync"", ""system"": ""celery"", ""visibility_timeout"": 10}",2657.130964999851,1488.5017970000263,,,,2528.4747800491914,2632.0510637596544,,,,celery,2000,469.80424741117804,811.147619047619,44.089999999999996,815.210496,cpu-bound
10.039,2000,,0,2775.115739999819,1407.0127085001332,2634.6814095503305,2756.7315155102096,4.114324494999892,1488.3777607657694,1.3437448829999994,56.45414300033735,25.210783999682462,43.4080895500756,49.196219119567104,2000,0,,cpu,0,0,0,A-alo,,0.43070599999992965,4.127792,5.153309,2.289858,3,suite-20260929T211306Z,,,,"{""acks_late"": true, ""concurrency"": 16, ""pool"": ""prefork"", ""prefetch"": 4, ""processes"": 1, ""producer"": ""sync"", ""system"": ""celery"", ""visibility_timeout"": 10}",2756.89607699951,1378.1224080003085,,,,2610.753632849901,2726.0794077803075,,,,celery,2000,486.10652913511933,834.74,43.3,814.948352,cpu-bound
4.0895,2000,,0,26781.75911800008,13414.876024000023,25484.03496150008,26528.35310787026,27.48981235300016,2821.2817782231664,0.7088976420000108,284.49863999958325,45.1581990005252,161.90688350056914,211.4729028704005,2000,0,,cpu,0,0,0,A-alo,,0.3488219999999842,2.817072,0.697448,0.588467,3,suite-20260929T211306Z,,,,"{""concurrency"": 16, ""mode"": ""reliable"", ""processes"": 1, ""producer"": ""sync"", ""style"": ""sync"", ""system"": ""blitzq"", ""visibility_timeout"": 10}",26735.500473000684,13360.37771149995,,,,25389.954381649746,26486.338514520314,,,,blitzq,2000,72.75422524962146,98.44210526315788,28.21,38.449152,cpu-bound
4.022,2000,,0,26903.89504399991,13479.86683850013,25586.38964845045,26671.67256329949,27.60977144899971,2827.724116272481,0.707282576999205,310.67451300077664,44.955790499898285,160.53941504992508,196.51467745001355,2000,0,,cpu,0,0,0,A-alo,,0.3423219999999674,2.83292,0.691623,0.588298,4,suite-20260929T211306Z,,,,"{""concurrency"": 16, ""mode"": ""reliable"", ""processes"": 1, ""producer"": ""sync"", ""style"": ""sync"", ""system"": ""blitzq"", ""visibility_timeout"": 10}",26872.73215999994,13404.577005499505,,,,25494.035060650367,26585.03093944978,,,,blitzq,2000,72.43812226748655,98.11217391304348,28.36,38.33856,cpu-bound
10.039,2000,,0,2681.885007999881,1392.3790929998177,2544.6256872501635,2661.311550780365,4.069656892999774,1440.2747700899008,1.388623922000079,59.19534500026202,25.319940999906976,43.63096645015503,48.72387647011237,2000,0,,cpu,0,0,0,A-alo,,0.4255860000000098,4.167656,5.153475,2.289896,4,suite-20260929T211306Z,,,,"{""acks_late"": true, ""concurrency"": 16, ""pool"": ""prefork"", ""prefetch"": 4, ""processes"": 1, ""producer"": ""sync"", ""system"": ""celery"", ""visibility_timeout"": 10}",2666.7961990006006,1361.7031690000658,,,,2519.6642893497938,2634.7364299299807,,,,celery,2000,491.44192067891635,828.695,42.86,816.336896,cpu-bound
5.959,2000,,0,4137.171628000033,2109.4765194998217,3937.662376099661,4100.469476640228,4.172035646999575,46092.94956711423,0.04339058400000795,26.226781000332267,14.888481499838235,24.131110049802373,24.61333797997213,2000,0,,cpu,0,0,0,B-alo,,0.23998499999993328,2.805824,0.912184,0.536331,0,suite-20260929T211306Z,,,,"{""concurrency"": 16, ""cpu_executor"": ""process"", ""mode"": ""reliable"", ""process_pool"": 8, ""processes"": 1, ""producer"": ""batch"", ""producers"": 1, ""style"": ""sync"", ""system"": ""blitzq"", ""visibility_timeout"": 10}",4121.550122999906,2095.085184999789,,,,3920.703326399598,4081.1825116303135,,,,blitzq,2000,479.3822894198784,627.5714285714286,34.78,297.607168,cpu-bound
10.042,2000,,0,3354.9717040004907,1770.3102585001034,3194.6025555995675,3322.4464715703107,4.503745021999748,1740.2312233405785,1.1492725639991477,27.155134999702568,14.800781500071025,23.504949949438014,24.865073280834622,2000,0,,cpu,0,0,0,B-alo,,0.5324719999999843,4.258112,5.153696,2.293059,0,suite-20260929T211306Z,,,,"{""acks_late"": true, ""concurrency"": 8, ""pool"": ""prefork"", ""prefetch"": 4, ""processes"": 1, ""producer"": ""sync"", ""producers"": 1, ""system"": ""celery"", ""visibility_timeout"": 10}",3335.407917000339,1752.8811589995712,,,,3180.007937849905,3307.2391187194626,,,,celery,2000,444.07487329554954,638.6363636363636,35.49,436.133888,cpu-bound
10.0425,2000,,0,3297.9364949997034,1698.9301924995743,3135.633372149323,3261.300116410348,4.428498453000429,1766.9103040723821,1.1319193710005493,25.18377700016572,14.582839000468084,23.26162954968822,24.684020150525612,2000,0,,cpu,0,0,0,B-alo,,0.5250749999999584,4.298568,5.153742,2.293069,1,suite-20260929T211306Z,,,,"{""acks_late"": true, ""concurrency"": 8, ""pool"": ""prefork"", ""prefetch"": 4, ""processes"": 1, ""producer"": ""sync"", ""producers"": 1, ""system"": ""celery"", ""visibility_timeout"": 10}",3276.049164000142,1683.4654969998155,,,,3116.697699949873,3241.271252239285,,,,celery,2000,451.620345186063,627.0272727272727,34.849999999999994,435.576832,cpu-bound
5.948,2000,,0,4153.523149000648,2125.843957000143,3953.447317899918,4112.79846505,4.189114515000256,44979.38830808966,0.04446481099967059,25.044711000191455,15.142956000545382,23.810413449746193,24.68705731999762,2000,0,,cpu,0,0,0,B-alo,,0.24302900000003547,2.774792,0.910758,0.535912,1,suite-20260929T211306Z,,,,"{""concurrency"": 16, ""cpu_executor"": ""process"", ""mode"": ""reliable"", ""process_pool"": 8, ""processes"": 1, ""producer"": ""batch"", ""producers"": 1, ""style"": ""sync"", ""system"": ""blitzq"", ""visibility_timeout"": 10}",4137.779542000317,2111.020110499794,,,,3937.69658049996,4096.724344339364,,,,blitzq,2000,477.42786520599043,629.7238095238095,34.89,293.94944,cpu-bound
5.94,2000,,0,4226.8419669999275,2162.498242500078,4021.627803650017,4191.469265829901,4.261601587999394,46070.28847228494,0.04341192699939711,26.714518000517273,15.247539000029064,24.362602500013963,25.132745590244667,2000,0,,cpu,0,0,0,B-alo,,0.24422400000003108,2.790264,0.909478,0.537063,2,suite-20260929T211306Z,,,,"{""concurrency"": 16, ""cpu_executor"": ""process"", ""mode"": ""reliable"", ""process_pool"": 8, ""processes"": 1, ""producer"": ""batch"", ""producers"": 1, ""style"": ""sync"", ""system"": ""blitzq"", ""visibility_timeout"": 10}",4211.4073239999925,2145.119136500398,,,,4006.7373638498793,4170.590050150095,,,,blitzq,2000,469.3071275437784,612.5681818181819,35.49,297.525248,cpu-bound
10.042,2000,,0,3249.085475999891,1684.4690529997024,3089.4972379996034,3214.7577213798377,4.396815825999511,1740.7855085543931,1.1489066229996752,25.309700000434532,14.364382000167097,22.97195314927194,24.34536249975281,2000,0,,cpu,0,0,0,B-alo,,0.5263729999999214,4.294416,5.153384,2.292959,2,suite-20260929T211306Z,,,,"{""acks_late"": true, ""concurrency"": 8, ""pool"": ""prefork"", ""prefetch"": 4, ""processes"": 1, ""producer"": ""sync"", ""producers"": 1, ""system"": ""celery"", ""visibility_timeout"": 10}",3232.3504519999915,1669.7221570002512,,,,3076.0680737495477,3201.8733302407236,,,,celery,2000,454.8746363614964,620.7863636363637,34.519999999999996,435.208192,cpu-bound
10.044,2000,,0,3426.266555999973,1809.1483864996007,3260.4190983002354,3399.2866060801407,4.6027179980001165,1699.3102581229302,1.176948111999991,34.677526999985275,15.199551000023348,23.91347935003978,25.3011116403286,2000,0,,cpu,0,0,0,B-alo,,0.5491609999999696,4.252488,5.153714,2.294603,3,suite-20260929T211306Z,,,,"{""acks_late"": true, ""concurrency"": 8, ""pool"": ""prefork"", ""prefetch"": 4, ""processes"": 1, ""producer"": ""sync"", ""producers"": 1, ""system"": ""celery"", ""visibility_timeout"": 10}",3411.37022500061,1793.2770170000367,,,,3244.8185664999983,3384.129478750474,,,,celery,2000,434.52586077813174,622.6086956521739,36.22,434.896896,cpu-bound
5.957,2000,,0,4261.489149999761,2205.6234204997054,4057.8922928498287,4222.270740369386,4.296421082999586,45483.89083398313,0.043971611999950255,27.317924000271887,15.399077500660496,24.58694949959863,25.176533820040277,2000,0,,cpu,0,0,0,B-alo,,0.24744800000001987,2.810296,0.911556,0.537638,3,suite-20260929T211306Z,,,,"{""concurrency"": 16, ""cpu_executor"": ""process"", ""mode"": ""reliable"", ""process_pool"": 8, ""processes"": 1, ""producer"": ""batch"", ""producers"": 1, ""style"": ""sync"", ""system"": ""blitzq"", ""visibility_timeout"": 10}",4244.41684500016,2188.37111799985,,,,4038.6320325499128,4204.198498100313,,,,blitzq,2000,465.50372073951405,621.9090909090909,35.79,298.520576,cpu-bound
5.9425,2000,,0,4204.36103800057,2143.4200129997407,4006.081023449406,4168.464307890754,4.239037973999984,45500.45541398034,0.043955604000075255,25.97624200006976,15.11210350008696,23.998033100633616,25.05936197077972,2000,0,,cpu,0,0,0,B-alo,,0.2432799999999702,2.771648,0.909557,0.537063,4,suite-20260929T211306Z,,,,"{""concurrency"": 16, ""cpu_executor"": ""process"", ""mode"": ""reliable"", ""process_pool"": 8, ""processes"": 1, ""producer"": ""batch"", ""producers"": 1, ""style"": ""sync"", ""system"": ""blitzq"", ""visibility_timeout"": 10}",4191.466285999923,2124.8396109999703,,,,3990.823859200191,4152.2041102401545,,,,blitzq,2000,471.80516246066713,609.4545454545455,35.3,296.083456,cpu-bound
10.0425,2000,,0,3367.0915860002424,1710.2783864997946,3192.750789399906,3333.596498509787,4.496253755999533,1768.240062205747,1.1310681409995595,25.54618100020889,14.874457999667356,23.539286850473214,24.813649770685515,2000,0,,cpu,0,0,0,B-alo,,0.5279969999999707,4.314712,5.153766,2.293085,4,suite-20260929T211306Z,,,,"{""acks_late"": true, ""concurrency"": 8, ""pool"": ""prefork"", ""prefetch"": 4, ""processes"": 1, ""producer"": ""sync"", ""producers"": 1, ""system"": ""celery"", ""visibility_timeout"": 10}",3350.324840999747,1696.4601839999887,,,,3176.5499348997764,3315.6396839498575,,,,celery,2000,444.81475213255464,636.9727272727273,35.4,435.122176,cpu-bound
4.4643,30000,,0,12.441429000318749,1.7257089998565789,2.2876380999605312,2.5702758599254594,10.771793779999825,2785.4462110085333,10.770267212999897,0.06228100028238259,0.0018339997041039169,0.0025950002964236774,0.0028959993869648315,30000,0,,burst,0,0,0,A-alo,,3.0931099999999674,2.606224,11.027594,6.422003,0,suite-20260929T211306Z,,,,"{""concurrency"": 16, ""mode"": ""reliable"", ""processes"": 1, ""producer"": ""sync"", ""style"": ""sync"", ""system"": ""blitzq"", ""visibility_timeout"": 10}",12.436289000106626,1.7236219996448199,,,,2.2856784996747592,2.567807480181726,,,,blitzq,30000,2785.051460574887,100.75416666666666,12.149999999999999,38.694912,burst-publish
10.014066666666666,30000,,0,16760.87411500066,8719.883549500082,15963.58991589959,16598.31145233037,31.578961003000586,2024.4747536489215,14.818658492000395,0.04876399998465786,0.0014629995348514058,0.002314000084879808,0.00428810012635948,30000,0,,burst,0,0,0,A-alo,,6.659731000000022,19.279408,76.378394,33.597248,0,suite-20260929T211306Z,,,,"{""acks_late"": true, ""concurrency"": 16, ""pool"": ""prefork"", ""prefetch"": 4, ""processes"": 1, ""producer"": ""sync"", ""system"": ""celery"", ""visibility_timeout"": 10}",16760.872613000174,8719.882251500167,,,,15963.588294899908,16598.31024873035,,,,celery,30000,949.9995898265761,98.7176923076923,32.54,783.572992,burst-publish
10.013966666666667,30000,,0,16817.694891999963,8735.767708999902,16000.717497349297,16643.352975710433,31.443764177999583,2051.065444326101,14.626544502999423,0.04240199996274896,0.0015074997463671025,0.0026350007829023525,0.004268999882697244,30000,0,,burst,0,0,0,A-alo,,6.682902999999953,19.36096,76.377737,33.595712,1,suite-20260929T211306Z,,,,"{""acks_late"": true, ""concurrency"": 16, ""pool"": ""prefork"", ""prefetch"": 4, ""processes"": 1, ""producer"": ""sync"", ""system"": ""celery"", ""visibility_timeout"": 10}",16817.69330899988,8735.766521500409,,,,16000.715949749836,16643.35162611018,,,,celery,30000,954.084244817936,99.30077519379844,32.49,775.671808,burst-publish
4.455766666666666,30000,,0,12.610941999810166,1.73979800001689,2.315602050293819,2.5926103997426253,10.833739290000267,2769.5512583789314,10.832079712999985,0.03739200019481359,0.0018340006135986187,0.002585000402177684,0.0028950107480341086,30000,0,,burst,0,0,0,A-alo,,3.093305999999984,2.6266,11.013857,6.418255,1,suite-20260929T211306Z,,,,"{""concurrency"": 16, ""mode"": ""reliable"", ""processes"": 1, ""producer"": ""sync"", ""style"": ""sync"", ""system"": ""blitzq"", ""visibility_timeout"": 10}",12.607104999915464,1.7378585002916225,,,,2.3139261006235756,2.5902635504553473,,,,blitzq,30000,2769.127001947567,101.25208333333335,12.209999999999999,38.912,burst-publish
4.455066666666666,30000,,0,12.58720700025151,1.7326945003333094,2.2941672499655397,2.5597858901528485,10.77226567300022,2785.2346897070897,10.771085148000566,0.04685100066126324,0.0018330001694266684,0.0025949993869289756,0.002915999184551765,30000,0,,burst,0,0,0,A-alo,,3.079200999999955,2.59416,11.012939,6.418096,2,suite-20260929T211306Z,,,,"{""concurrency"": 16, ""mode"": ""reliable"", ""processes"": 1, ""producer"": ""sync"", ""style"": ""sync"", ""system"": ""blitzq"", ""visibility_timeout"": 10}",12.58177700037777,1.7310544999418198,,,,2.292293700202208,2.557924770189854,,,,blitzq,30000,2784.9294578012946,100.48541666666667,12.15,38.764544,burst-publish
10.014066666666666,30000,,0,16829.994230999546,8822.005670499948,16032.525551250046,16674.738823950145,31.684639803999744,2019.5042102367056,14.855131199000425,0.04990700017515337,0.0014730003385921009,0.002273999598401133,0.003948100084016899,30000,0,,burst,0,0,0,A-alo,,6.689006000000006,19.261256,76.377312,33.596667,2,suite-20260929T211306Z,,,,"{""acks_late"": true, ""concurrency"": 16, ""pool"": ""prefork"", ""prefetch"": 4, ""processes"": 1, ""producer"": ""sync"", ""system"": ""celery"", ""visibility_timeout"": 10}",16829.992797999694,8822.004252500392,,,,16032.524293749748,16674.73699395954,,,,celery,30000,946.831025556204,98.88923076923078,32.6,784.769024,burst-publish
10.014066666666666,30000,,0,16887.996857999497,8831.141075500454,16081.47467335034,16725.889624890508,31.713605349000318,2023.4191176167358,14.826389519999793,0.06886299979669275,0.0015330006135627627,0.0026864497613132633,0.004258010440025826,30000,0,,burst,0,0,0,A-alo,,6.681077000000016,19.274544,76.377933,33.596886,3,suite-20260929T211306Z,,,,"{""acks_late"": true, ""concurrency"": 16, ""pool"": ""prefork"", ""prefetch"": 4, ""processes"": 1, ""producer"": ""sync"", ""system"": ""celery"", ""visibility_timeout"": 10}",16887.995514999602,8831.1389065002,,,,16081.473322800139,16725.887505200233,,,,celery,30000,945.9662397213273,99.30692307692307,32.76,778.4448,burst-publish
4.4648666666666665,30000,,0,13.210581999373971,1.728567499867495,2.2960045505442395,2.574796279550353,10.806022195999503,2776.588748894266,10.804624923999654,0.0383039996449952,0.0018330001694266684,0.002615000084915664,0.0030759993023821153,30000,0,,burst,0,0,0,A-alo,,3.095751000000064,2.593968,11.028751,6.422126,3,suite-20260929T211306Z,,,,"{""concurrency"": 16, ""mode"": ""reliable"", ""processes"": 1, ""producer"": ""sync"", ""style"": ""sync"", ""system"": ""blitzq"", ""visibility_timeout"": 10}",13.205431999267603,1.7268229998990137,,,,2.2936816492347134,2.572910279468486,,,,blitzq,30000,2776.2297222660063,101.00416666666666,12.179999999999998,38.813696,burst-publish
4.469333333333333,30000,,0,12.343037000391632,1.7176810001728882,2.2850039999866567,2.5756327696763037,10.804354176000743,2777.0330662201586,10.802896215000146,0.07045599977573147,0.0017940001271199435,0.002544999915699009,0.0028459999157348648,30000,0,,burst,0,0,0,A-alo,,3.0952419999999847,2.60076,11.040098,6.425074,4,suite-20260929T211306Z,,,,"{""concurrency"": 16, ""mode"": ""reliable"", ""processes"": 1, ""producer"": ""sync"", ""style"": ""sync"", ""system"": ""blitzq"", ""visibility_timeout"": 10}",12.33864900041226,1.7162264998660248,,,,2.2827353005141044,2.5736323508317573,,,,blitzq,30000,2776.6583278654207,101.00833333333334,12.18,38.64576,burst-publish
10.014066666666666,30000,,0,16937.94293799965,8818.927630000417,16130.138244999944,16779.557291580415,31.74821616099962,2025.5542019498544,14.810761405999983,0.06404099985957146,0.0015129999155760743,0.0025949993869289756,0.0044779999370803125,30000,0,,burst,0,0,0,A-alo,,6.670671000000027,19.37252,76.378291,33.597109,4,suite-20260929T211306Z,,,,"{""acks_late"": true, ""concurrency"": 16, ""pool"": ""prefork"", ""prefetch"": 4, ""processes"": 1, ""producer"": ""sync"", ""system"": ""celery"", ""visibility_timeout"": 10}",16937.941725999735,8818.926357500004,,,,16130.13627305013,16779.55584019076,,,,celery,30000,944.9349799014165,99.32461538461538,32.74,776.302592,burst-publish
1.8209666666666666,30000,,0,12.986424000700936,1.148884000031103,1.5007555501142633,1.7092470207080621,10.439152412999647,2874.1191030329155,10.43798079499993,0.04866400013270322,0.0018939999790745787,0.0025950002964236774,0.0028449994715629146,30000,0,,burst,0,0,0,A-amo,,2.542800999999997,2.573952,5.403006,3.468854,0,suite-20260929T211306Z,,,,"{""concurrency"": 16, ""mode"": ""fast"", ""processes"": 1, ""producer"": ""sync"", ""style"": ""sync"", ""system"": ""blitzq"", ""visibility_timeout"": 10}",12.981234000108088,1.1470690001260664,,,,1.4985705499384494,1.7073387304117202,,,,blitzq,30000,2873.7965318565193,102.57446808510639,12.11,38.838272,burst-publish
10.013966666666667,30000,,0,16609.900542000105,8708.690396000293,15820.134906249632,16453.71330108068,31.530059878999964,2010.6405076817578,14.92061852200004,0.04271199941285886,0.0014730003385921009,0.0023849997887737118,0.004078099618709514,30000,0,,burst,0,0,0,A-amo,,6.703954999999951,19.089216,76.377727,33.595377,0,suite-20260929T211306Z,,,,"{""acks_late"": false, ""concurrency"": 16, ""pool"": ""prefork"", ""prefetch"": 4, ""processes"": 1, ""producer"": ""sync"", ""system"": ""celery"", ""visibility_timeout"": 10}",16609.899250000126,8708.689138000409,,,,15820.13359224943,16453.71185247003,,,,celery,30000,951.4729789644633,99.33100775193799,32.49,779.374592,burst-publish
10.013866666666667,30000,,0,16298.343266000302,8534.081942500052,15519.369302150197,16135.97792989992,31.127109474000463,2022.999548900157,14.829464503000054,0.05001600038667675,0.0014730003385921009,0.002644999767653644,0.004299000465834979,30000,0,,burst,0,0,0,A-amo,,6.665130000000033,19.101176,76.377579,33.593907,1,suite-20260929T211306Z,,,,"{""acks_late"": false, ""concurrency"": 16, ""pool"": ""prefork"", ""prefetch"": 4, ""processes"": 1, ""producer"": ""sync"", ""system"": ""celery"", ""visibility_timeout"": 10}",16298.342084000069,8534.080515000369,,,,15519.367784599808,16135.976516499848,,,,celery,30000,963.7901015209297,99.08828125,32.16,777.515008,burst-publish
1.8193333333333332,30000,,0,13.377715999922657,1.1746444997697836,1.536038749873114,1.7554108804870332,10.519387522000216,2852.185677487576,10.518249298000228,0.04568799977278104,0.0019139997675665654,0.0026249999791616574,0.0029060001907055266,30000,0,,burst,0,0,0,A-amo,,2.5551609999999982,2.592328,5.400853,3.469685,1,suite-20260929T211306Z,,,,"{""concurrency"": 16, ""mode"": ""fast"", ""processes"": 1, ""producer"": ""sync"", ""style"": ""sync"", ""system"": ""blitzq"", ""visibility_timeout"": 10}",13.373408000006748,1.1727124997378269,,,,1.5339852006036379,1.7529144800118954,,,,blitzq,30000,2851.8770638744973,103.4,12.24,38.756352,burst-publish
1.8195666666666668,30000,,0,12.46518100015237,1.1568985000849352,1.5075262994287184,1.7233594602021176,10.48253058299997,2862.0934755613966,10.481837946999804,0.04435499977262225,0.0018840000848285854,0.0025950002964236774,0.002855999809980858,30000,0,,burst,0,0,0,A-amo,,2.5440059999999676,2.575096,5.401057,3.468382,2,suite-20260929T211306Z,,,,"{""concurrency"": 16, ""mode"": ""fast"", ""processes"": 1, ""producer"": ""sync"", ""style"": ""sync"", ""system"": ""blitzq"", ""visibility_timeout"": 10}",12.460342000849778,1.1551269999472424,,,,1.5054560003591178,1.7217708597218,,,,blitzq,30000,2861.9043619727145,102.58510638297872,12.139999999999999,38.367232,burst-publish
10.013866666666667,30000,,0,16261.63962300052,8520.82197649952,15498.30107534981,16108.061737480473,31.03287936400011,2030.9157513673945,14.771661492999556,0.05415400028141448,0.0015230007193167694,0.0024450000637443736,0.0042180999571428245,30000,0,,burst,0,0,0,A-amo,,6.673526999999979,19.107792,76.377575,33.593789,2,suite-20260929T211306Z,,,,"{""acks_late"": false, ""concurrency"": 16, ""pool"": ""prefork"", ""prefetch"": 4, ""processes"": 1, ""producer"": ""sync"", ""system"": ""celery"", ""visibility_timeout"": 10}",16261.638070000117,8520.820378499593,,,,15498.299856299853,16108.05999638026,,,,celery,30000,966.716612020272,98.5375,31.979999999999997,778.436608,burst-publish
10.013766666666667,30000,,0,16165.573561000201,8447.90524200016,15389.689761499767,16016.982589559993,30.91368899400004,2034.0947368549291,14.74857559800057,0.06555599975399673,0.0014420002116821706,0.0025849994926829822,0.004207999163554632,30000,0,,burst,0,0,0,A-amo,,6.629715000000033,19.00144,76.37804,33.592517,3,suite-20260929T211306Z,,,,"{""acks_late"": false, ""concurrency"": 16, ""pool"": ""prefork"", ""prefetch"": 4, ""processes"": 1, ""producer"": ""sync"", ""system"": ""celery"", ""visibility_timeout"": 10}",16165.572339000391,8447.903463500097,,,,15389.68839755016,16016.9812413601,,,,celery,30000,970.4438705397672,99.11811023622047,31.93,775.913472,burst-publish
1.8205,30000,,0,13.403588000073796,1.1485374998301268,1.5062865502841305,1.725709139864193,10.461801084999934,2867.823277517807,10.460895632999382,0.039926999306771904,0.0018840000848285854,0.002585000402177684,0.002935009433713274,30000,0,,burst,0,0,0,A-amo,,2.553939000000071,2.561016,5.402402,3.469478,3,suite-20260929T211306Z,,,,"{""concurrency"": 16, ""mode"": ""fast"", ""processes"": 1, ""producer"": ""sync"", ""style"": ""sync"", ""system"": ""blitzq"", ""visibility_timeout"": 10}",13.39920999998867,1.1466089999885298,,,,1.503954249938033,1.7238052499942567,,,,blitzq,30000,2867.5750720412584,102.40212765957448,12.12,38.772736,burst-publish
1.8258666666666667,30000,,0,12.797737000255438,1.1522975000843871,1.517041449324097,1.7342619003920838,10.505096601999867,2855.991188487955,10.50423408900042,0.05590799992205575,0.0019430008251219988,0.0026649995561456308,0.0028760905024682727,30000,0,,burst,0,0,0,A-amo,,2.550950999999941,2.577792,5.409747,3.471508,4,suite-20260929T211306Z,,,,"{""concurrency"": 16, ""mode"": ""fast"", ""processes"": 1, ""producer"": ""sync"", ""style"": ""sync"", ""system"": ""blitzq"", ""visibility_timeout"": 10}",12.792907999937597,1.150319000316813,,,,1.514956150413127,1.7326431202036472,,,,blitzq,30000,2855.756699494688,103.14680851063831,12.18,38.346752,burst-publish
10.013966666666667,30000,,0,16805.95329500011,8735.569529500026,16001.256364050412,16650.272976899796,31.464103731999785,2046.5682746069585,14.658685161999529,0.05363300078897737,0.0014830002328380942,0.0024150003810063936,0.0042581004436215,30000,0,,burst,0,0,0,A-amo,,6.675084999999967,19.211608,76.378068,33.595728,4,suite-20260929T211306Z,,,,"{""acks_late"": false, ""concurrency"": 16, ""pool"": ""prefork"", ""prefetch"": 4, ""processes"": 1, ""producer"": ""sync"", ""system"": ""celery"", ""visibility_timeout"": 10}",16805.95192200053,8735.568277500079,,,,16001.255021500036,16650.269668229503,,,,celery,30000,953.4674896678924,99.21240310077519,32.45,782.04928,burst-publish
3.0377,30000,,0,275.21814500050823,165.95158500012985,258.254675100261,270.81896179078285,0.4581932750006672,149554.2371450687,0.20059612200020638,0.10334900071029551,0.0004809999154531397,0.000871000338520389,0.0020739998944918625,30000,0,,burst,0,0,0,B-alo,,0.3455380000001469,4.088112,8.748493,6.108454,0,suite-20260929T211306Z,,,,"{""concurrency"": 200, ""mode"": ""reliable"", ""processes"": 4, ""producer"": ""batch"", ""producers"": 4, ""style"": ""async"", ""system"": ""blitzq"", ""visibility_timeout"": 10}",275.21768400038127,165.9511350003413,,,,258.2542046002345,270.8185016801963,,,,blitzq,30000,65474.55328748838,95.10000000000001,1.7999999999999998,157.003776,burst-publish
10.0061,30000,,0,3926.0763740003313,2414.799742000014,3795.9331949001808,3908.8670653605186,8.923448372999701,5946.718132223969,5.044799389000218,0.09323900030722143,0.003166000169585459,0.0049390000640414655,0.005700999281543773,30000,0,,burst,0,0,0,B-alo,,5.871105999999941,17.770536,76.371464,33.458977,0,suite-20260929T211306Z,,,,"{""acks_late"": true, ""concurrency"": 8, ""pool"": ""prefork"", ""prefetch"": 4, ""processes"": 4, ""producer"": ""sync"", ""producers"": 4, ""system"": ""celery"", ""visibility_timeout"": 10}",3926.0739700002887,2414.795504000267,,,,3795.9295045002364,3908.8655006602216,,,,celery,30000,3361.929015107331,364.60769230769233,37.13,1701.281792,burst-publish
10.0061,30000,,0,3906.619411000065,2405.2935449999495,3765.9205512501103,3883.2828861296002,8.926166266999644,5940.858078197596,5.049775571999817,1.1323759999868344,0.002894999852287583,0.004818999514100142,0.005521090270121917,30000,0,,burst,0,0,0,B-alo,,5.878225000000043,17.829568,76.372644,33.459438,1,suite-20260929T211306Z,,,,"{""acks_late"": true, ""concurrency"": 8, ""pool"": ""prefork"", ""prefetch"": 4, ""processes"": 4, ""producer"": ""sync"", ""producers"": 4, ""system"": ""celery"", ""visibility_timeout"": 10}",3906.6166350003186,2405.2900179999597,,,,3765.917863749973,3883.280412529848,,,,celery,30000,3360.9053542853076,362.23589743589747,36.900000000000006,1697.234944,burst-publish
3.038666666666667,30000,,0,265.1199580004686,160.18297649998203,259.618644749753,264.0147135101597,0.4805627749992709,122710.19303010635,0.24447846800012485,0.02887599930545548,0.000490999809699133,0.0009120003596763127,0.002225089665444088,30000,0,,burst,0,0,0,B-alo,,0.34617500000001655,4.169744,8.749342,6.108485,1,suite-20260929T211306Z,,,,"{""concurrency"": 200, ""mode"": ""reliable"", ""processes"": 4, ""producer"": ""batch"", ""producers"": 4, ""style"": ""async"", ""system"": ""blitzq"", ""visibility_timeout"": 10}",265.1195070002359,160.18249550006658,,,,259.61793585011037,264.0142126104547,,,,blitzq,30000,62426.80781932291,100.57142857142857,1.9100000000000001,157.14304,burst-publish
3.038133333333333,30000,,0,238.36344900064432,141.91248950055524,230.91852625047977,235.20667963001867,0.4634069570001884,121011.24206151748,0.24791085099968768,0.053712999942945316,0.0004809999154531397,0.0008610004442743957,0.0021639998522005044,30000,0,,burst,0,0,0,B-alo,,0.3579090000000633,4.084776,8.748572,6.108329,2,suite-20260929T211306Z,,,,"{""concurrency"": 200, ""mode"": ""reliable"", ""processes"": 4, ""producer"": ""batch"", ""producers"": 4, ""style"": ""async"", ""system"": ""blitzq"", ""visibility_timeout"": 10}",238.36298800051736,141.9118785001956,,,,230.91801625000699,235.20592853978087,,,,blitzq,30000,64737.91458419517,95.34285714285714,1.81,156.69248,burst-publish
10.0062,30000,,0,4021.1656349993063,2506.049060500118,3894.3194613497326,4010.9577306298434,9.056933590999506,5930.274683915748,5.058787593999114,0.49475300056656124,0.0032460002330481075,0.004948999958287459,0.005691000296792481,30000,0,,burst,0,0,0,B-alo,,5.886457000000064,18.08232,76.372746,33.461344,2,suite-20260929T211306Z,,,,"{""acks_late"": true, ""concurrency"": 8, ""pool"": ""prefork"", ""prefetch"": 4, ""processes"": 4, ""producer"": ""sync"", ""producers"": 4, ""system"": ""celery"", ""visibility_timeout"": 10}",4021.1623589993906,2506.04614949998,,,,3894.314761399937,4010.9550181299073,,,,celery,30000,3312.3793719557634,360.9075,37.64,1703.1168,burst-publish
10.0062,30000,,0,3919.450321000113,2437.1559139995043,3800.631053700454,3906.9148701000536,8.994202011999732,5902.017760742743,5.083007407999503,0.08612500005256152,0.0032160005503101274,0.004948999958287459,0.005691000296792481,30000,0,,burst,0,0,0,B-alo,,5.881681999999955,17.84676,76.371499,33.460382,3,suite-20260929T211306Z,,,,"{""acks_late"": true, ""concurrency"": 8, ""pool"": ""prefork"", ""prefetch"": 4, ""processes"": 4, ""producer"": ""sync"", ""producers"": 4, ""system"": ""celery"", ""visibility_timeout"": 10}",3919.4455619999644,2437.1524425000644,,,,3800.6279137503043,3906.9121751103644,,,,celery,30000,3335.482120590032,359.15250000000003,37.53,1706.389504,burst-publish
3.0381666666666667,30000,,0,285.6014740000319,185.62573799954407,275.97730464963206,281.93646429012006,0.4852213849999316,140219.93571706774,0.21394960599991464,0.09761300043464871,0.0004910007191938348,0.0009120003596763127,0.0020541001049423197,30000,0,,burst,0,0,0,B-alo,,0.347992999999974,4.265776,8.749136,6.108979,3,suite-20260929T211306Z,,,,"{""concurrency"": 200, ""mode"": ""reliable"", ""processes"": 4, ""producer"": ""batch"", ""producers"": 4, ""style"": ""async"", ""system"": ""blitzq"", ""visibility_timeout"": 10}",285.60099300011643,185.62515199982954,,,,275.97668819980754,281.93598675999965,,,,blitzq,30000,61827.44810392936,97.35714285714286,1.8499999999999999,156.782592,burst-publish
3.0379666666666667,30000,,0,242.18237300010514,138.99430649962596,230.91074840035617,238.5629053392222,0.4780961260003096,106333.55511303025,0.282131073000528,0.0615679991824436,0.0005009997039451264,0.0009020004654303193,0.00230399929023406,30000,0,,burst,0,0,0,B-alo,,0.3723760000000311,4.13552,8.748672,6.108721,4,suite-20260929T211306Z,,,,"{""concurrency"": 200, ""mode"": ""reliable"", ""processes"": 4, ""producer"": ""batch"", ""producers"": 4, ""style"": ""async"", ""system"": ""blitzq"", ""visibility_timeout"": 10}",242.18191199997818,138.99381549981626,,,,230.91024740060675,238.56241473940827,,,,blitzq,30000,62748.88744858931,99.12857142857142,1.88,156.684288,burst-publish
10.0062,30000,,0,3864.3493719991966,2411.21103650039,3746.3202121496124,3856.1345609495584,9.007454718999725,5810.038534653344,5.163476940999317,0.08782799977780087,0.0032069992812466808,0.0049090003813034855,0.0056110002333298326,30000,0,,burst,0,0,0,B-alo,,5.906718999999953,17.599328,76.371707,33.460174,4,suite-20260929T211306Z,,,,"{""acks_late"": true, ""concurrency"": 8, ""pool"": ""prefork"", ""prefetch"": 4, ""processes"": 4, ""producer"": ""sync"", ""producers"": 4, ""system"": ""celery"", ""visibility_timeout"": 10}",3864.3456350000633,2411.207183999977,,,,3746.316951549943,3856.132004840183,,,,celery,30000,3330.5746113516398,360.1025,37.61,1709.002752,burst-publish
4.46835,20000,,0,12.653019000026688,2.143728499959252,3.221096649849642,4.244353400063099,7.337724975000128,2726.1583287668045,7.336331051999878,0.037247000364004634,0.001853000867413357,0.0026549996618996374,0.0029459997676895,20000,0,,multiqueue,0,0,0,A-alo,,2.1542479999999387,2.66108,7.601283,4.201239,0,suite-20260929T211306Z,,,,"{""concurrency"": 16, ""mode"": ""reliable"", ""processes"": 1, ""producer"": ""sync"", ""style"": ""sync"", ""system"": ""blitzq"", ""visibility_timeout"": 10}",12.650484000005235,2.142166999874462,2.1345459999793093,2.20813999976599,2.124249000189593,3.2189833996199004,4.241633390329276,3.817661600078281,5.367451340171105,4.988522219900907,blitzq,20000,2725.64044961356,93.11428571428571,8.2,38.87104,multi-queue-uneven
10.0243,20000,,0,11475.110884999594,7197.358835999694,11050.084336399366,11392.708334849929,21.440663815000335,2006.8161212548373,9.966035148000628,0.24072400083241519,0.0015120003808988258,0.0023040001906338148,0.004198010165055164,20000,0,,multiqueue,0,0,0,A-alo,,4.500855999999999,13.78788,52.427916,22.13319,0,suite-20260929T211306Z,,,,"{""acks_late"": true, ""concurrency"": 16, ""pool"": ""prefork"", ""prefetch"": 4, ""processes"": 1, ""producer"": ""sync"", ""system"": ""celery"", ""visibility_timeout"": 10}",11475.108359999467,7197.356886999387,8063.370847000442,4.026317999887397,2.418916999886278,11050.083023449952,11392.707133049907,11410.562119300266,20.464034899832797,7.551288040467613,celery,20000,932.8069397742986,97.71348314606742,22.07,776.220672,multi-queue-uneven
10.0243,20000,,0,11442.244109000058,7176.675708499715,11015.75928010052,11357.473729960157,21.3380468940004,2020.8403348735844,9.896872927000004,0.055266000345000066,0.0015020004866528325,0.002314000084879808,0.004137999894737732,20000,0,,multiqueue,0,0,0,A-alo,,4.465866999999889,13.70516,52.427032,22.132867,1,suite-20260929T211306Z,,,,"{""acks_late"": true, ""concurrency"": 16, ""pool"": ""prefork"", ""prefetch"": 4, ""processes"": 1, ""producer"": ""sync"", ""system"": ""celery"", ""visibility_timeout"": 10}",11442.242846000227,7176.674019999609,8005.252631499843,3.961159000027692,2.3946599994815188,11015.757894050694,11357.47172595953,11375.102603499954,19.25664790031078,7.051540799620854,celery,20000,937.2929068603455,96.99213483146066,21.93,779.575296,multi-queue-uneven
4.4677,20000,,0,13.520394999432028,2.12755999973524,3.2026489999225305,4.200708119678886,7.315801194999949,2734.730295145059,7.313335445000121,0.045528000555350445,0.00181299947143998,0.002615000084915664,0.0029359998734435067,20000,0,,multiqueue,0,0,0,A-alo,,2.142599999999902,2.62052,7.582567,4.198753,1,suite-20260929T211306Z,,,,"{""concurrency"": 16, ""mode"": ""reliable"", ""processes"": 1, ""producer"": ""sync"", ""style"": ""sync"", ""system"": ""blitzq"", ""visibility_timeout"": 10}",13.515726000150607,2.1260765001898108,2.114292500209558,2.2036250002201996,2.093858999614895,3.2008216001486285,4.1991323194906665,3.8256757504768757,5.002819540241035,5.366898199281433,blitzq,20000,2733.808569547951,95.5264705882353,8.17,38.617088,multi-queue-uneven
4.4375,20000,,0,12.087350999536284,2.175149499635154,3.2489777496721217,4.221225349883748,7.2819518940004855,2747.2478210751533,7.280013053999937,0.03324699991935631,0.0018239998098579235,0.0027249998311162926,0.0030559995138901286,20000,0,,multiqueue,0,0,0,A-alo,,2.1167649999999867,2.623184,7.55862,4.192701,2,suite-20260929T211306Z,,,,"{""concurrency"": 16, ""mode"": ""reliable"", ""processes"": 1, ""producer"": ""sync"", ""style"": ""sync"", ""system"": ""blitzq"", ""visibility_timeout"": 10}",12.082500999895274,2.173446000142576,2.1667969995178282,2.248900999802572,2.152405499600718,3.2468171002165036,4.219370659493501,3.8424719002796333,4.922840899707807,4.700630120114508,blitzq,20000,2746.5163586809417,95.05588235294118,8.129999999999999,38.858752,multi-queue-uneven
10.02455,20000,,0,11617.121769000732,7249.004980000336,11197.962482450475,11538.055177030283,21.487124946000222,2026.2371419455733,9.870512974999656,0.053793000006407965,0.001562999386806041,0.0024550008674850687,0.00422909029111905,20000,0,,multiqueue,0,0,0,A-alo,,4.4622439999999415,13.743928,52.429198,22.135283,2,suite-20260929T211306Z,,,,"{""acks_late"": true, ""concurrency"": 16, ""pool"": ""prefork"", ""prefetch"": 4, ""processes"": 1, ""producer"": ""sync"", ""system"": ""celery"", ""visibility_timeout"": 10}",11617.120136000267,7249.003562500093,8131.490992999716,4.206269999485812,2.474034499755362,11197.960281550011,11538.053835420278,11551.288468259736,18.549821019878436,7.567543080212999,celery,20000,930.7899521347063,96.91777777777779,22.14,777.019392,multi-queue-uneven
10.02455,20000,,0,11643.46019200002,7225.5540889996155,11238.817851650581,11554.869501879764,21.558225544999914,2017.0717784640633,9.915363554999203,0.09030399996845517,0.0014630004443461075,0.0023150005290517583,0.004338010503488475,20000,0,,multiqueue,0,0,0,A-alo,,4.49043400000005,13.7852,52.427794,22.134658,3,suite-20260929T211306Z,,,,"{""acks_late"": true, ""concurrency"": 16, ""pool"": ""prefork"", ""prefetch"": 4, ""processes"": 1, ""producer"": ""sync"", ""system"": ""celery"", ""visibility_timeout"": 10}",11643.45819800019,7225.552706499911,8095.222617000218,4.003164999630826,2.428996499929781,11238.81644120056,11554.867920080585,11571.217639099887,16.34561269962432,7.454461580427959,celery,20000,927.7201390370777,97.01555555555555,22.179999999999996,780.107776,multi-queue-uneven
4.4558,20000,,0,12.569373000587802,2.1612529994854413,3.2467335006458597,4.295337489393204,7.326607001999946,2730.3858889379812,7.324971932000153,0.061534000451501925,0.0017940001271199435,0.002636000317579601,0.0029960001484141685,20000,0,,multiqueue,0,0,0,A-alo,,2.1420399999999518,2.635512,7.578331,4.19563,3,suite-20260929T211306Z,,,,"{""concurrency"": 16, ""mode"": ""reliable"", ""processes"": 1, ""producer"": ""sync"", ""style"": ""sync"", ""system"": ""blitzq"", ""visibility_timeout"": 10}",12.564333000227634,2.1595129996967444,2.1429239995995886,2.265643000100681,2.1993150003254414,3.2449760491999764,4.293406899832915,3.7835985400124628,5.304177120506207,5.086097549983606,blitzq,20000,2729.7765520302364,95.53529411764706,8.17,38.690816,multi-queue-uneven
4.4589,20000,,0,13.251852999928815,2.173533000132011,3.2752583999808844,4.2096796402620384,7.332078243999604,2728.6904142843473,7.32952331100023,0.04059900038555497,0.0018239998098579235,0.0026249999791616574,0.002975999459522427,20000,0,,multiqueue,0,0,0,A-alo,,2.134928999999943,2.627448,7.588816,4.197854,4,suite-20260929T211306Z,,,,"{""concurrency"": 16, ""mode"": ""reliable"", ""processes"": 1, ""producer"": ""sync"", ""style"": ""sync"", ""system"": ""blitzq"", ""visibility_timeout"": 10}",13.246563000393508,2.1715890006817062,2.1624075002364407,2.2461339999608754,2.1356645002015284,3.273346150126599,4.207607950365854,3.895838580119743,5.049759909825298,4.691887799936011,blitzq,20000,2727.7395759336746,95.84117647058824,8.2,38.944768,multi-queue-uneven
10.0243,20000,,0,11431.966386999193,7218.844841999726,11027.7805528503,11356.71342219004,21.326755286999287,2021.1755649404893,9.895231441999385,0.05663899992214283,0.0015630002963007428,0.002705000042624306,0.0045589995443151565,20000,0,,multiqueue,0,0,0,A-alo,,4.459883999999988,13.725536,52.429028,22.133583,4,suite-20260929T211306Z,,,,"{""acks_late"": true, ""concurrency"": 16, ""pool"": ""prefork"", ""prefetch"": 4, ""processes"": 1, ""producer"": ""sync"", ""system"": ""celery"", ""visibility_timeout"": 10}",11431.964873999277,7218.8434394997785,8081.6546779997225,4.110414000024321,2.4147610001818975,11027.778170249758,11356.710731009996,11372.230083490367,16.883634839696242,7.024135700066826,celery,20000,937.7891634641641,97.30000000000001,21.979999999999997,777.920512,multi-queue-uneven
3.05605,20000,,0,180.4492350001965,129.51090299975476,169.31528384998273,175.66666696994616,0.3180120650004028,129417.87406664061,0.15453815900036716,0.06939300055819331,0.0004809999154531397,0.0008910001270123757,0.0023140100802265793,20000,0,,multiqueue,0,0,0,B-alo,,0.23489099999994778,3.66172,5.594086,3.968242,0,suite-20260929T211306Z,,,,"{""concurrency"": 200, ""mode"": ""reliable"", ""processes"": 4, ""producer"": ""batch"", ""producers"": 4, ""style"": ""async"", ""system"": ""blitzq"", ""visibility_timeout"": 10}",180.44878399996378,129.5104419996278,144.0913639999053,21.220203999291698,22.127666999949724,169.31480944999748,175.6661960699239,176.15634798012252,36.67328101984822,34.07962474954729,blitzq,20000,62890.69567211127,80.38333333333334,1.2299999999999998,156.033024,multi-queue-uneven
10.0133,20000,,0,2753.2380030006607,2173.2220969997798,2717.2908562502016,2748.0845106705237,6.218534277999424,5710.86658093544,3.5020954729998266,0.08363999950233847,0.003315999492770061,0.005039999450673349,0.005720999979530461,20000,0,,multiqueue,0,0,0,B-alo,,3.9899260000000822,12.958048,52.423433,22.042474,0,suite-20260929T211306Z,,,,"{""acks_late"": true, ""concurrency"": 8, ""pool"": ""prefork"", ""prefetch"": 4, ""processes"": 4, ""producer"": ""sync"", ""producers"": 4, ""system"": ""celery"", ""visibility_timeout"": 10}",2753.2358090002162,2173.2184855000014,2318.7203850002334,2.955003999886685,2.5222029998985818,2717.2884253001484,2748.082146560064,2749.3774489398675,5.956570400321649,4.553130270005566,celery,20000,3216.1919683804067,342.7241379310345,26.02,1702.78912,multi-queue-uneven
10.01305,20000,,0,2708.4075949996986,2091.2725974999375,2653.1048907495915,2702.2276939904623,6.103828594000333,5875.868457176923,3.40375216800021,0.08167699979821919,0.003266000021540094,0.004908999471808784,0.005570999746851157,20000,0,,multiqueue,0,0,0,B-alo,,3.9460619999999835,12.680568,52.423569,22.041033,1,suite-20260929T211306Z,,,,"{""acks_late"": true, ""concurrency"": 8, ""pool"": ""prefork"", ""prefetch"": 4, ""processes"": 4, ""producer"": ""sync"", ""producers"": 4, ""system"": ""celery"", ""visibility_timeout"": 10}",2708.4037879994867,2091.267682999842,2235.8602779995636,2.835981999851356,2.532344999963243,2653.1004525997105,2702.225369760381,2703.9581453901155,5.887734329699014,4.305098869645007,celery,20000,3276.631984662659,347.80357142857144,25.46,1707.220992,multi-queue-uneven
3.05935,20000,,0,150.7433780006977,91.04450000040742,146.3093637005386,149.06916585024192,0.3200189919998593,99718.2470900445,0.20056509799997002,0.5028079995099688,0.0004809999154531397,0.0009719997251522727,0.002525000127207022,20000,0,,multiqueue,0,0,0,B-alo,,0.245928000000049,3.390776,5.602271,3.969304,1,suite-20260929T211306Z,,,,"{""concurrency"": 200, ""mode"": ""reliable"", ""processes"": 4, ""producer"": ""batch"", ""producers"": 4, ""style"": ""async"", ""system"": ""blitzq"", ""visibility_timeout"": 10}",150.74289700078225,91.04385850014296,115.93155700029456,23.069121999469644,22.883300500325277,146.3088532000711,149.06844765013375,149.30455830990468,41.016953639709754,37.52353124970796,blitzq,20000,62496.29084516582,79.18333333333334,1.2399999999999998,156.254208,multi-queue-uneven
3.0623,20000,,0,144.19872400048916,80.90402700008781,136.22597790022155,141.24351159980444,0.3253538609997122,91909.59283483872,0.21760514200013858,0.06165899958432419,0.00047999947128118947,0.0009420000424142927,0.002644999767653644,20000,0,,multiqueue,0,0,0,B-alo,,0.24805399999991096,3.330912,5.607089,3.969234,2,suite-20260929T211306Z,,,,"{""concurrency"": 200, ""mode"": ""reliable"", ""processes"": 4, ""producer"": ""batch"", ""producers"": 4, ""style"": ""async"", ""system"": ""blitzq"", ""visibility_timeout"": 10}",144.1982430005737,80.90356149978106,110.64396599977044,22.290795000117214,21.620890499889356,136.22370854977817,141.2430013398801,142.34183455990205,37.11690557998736,41.67273593960999,blitzq,20000,61471.53114626075,81.60000000000001,1.25,155.856896,multi-queue-uneven
10.0133,20000,,0,2802.296627999567,2112.4641960004737,2754.1002874003425,2792.37664089972,6.241620062000038,5766.844116986227,3.468101373000536,0.5518420002772473,0.0034570002753753215,0.004918999366054777,0.0056009994295891374,20000,0,,multiqueue,0,0,0,B-alo,,3.9986699999999473,12.846672,52.423396,22.042322,2,suite-20260929T211306Z,,,,"{""acks_late"": true, ""concurrency"": 8, ""pool"": ""prefork"", ""prefetch"": 4, ""processes"": 4, ""producer"": ""sync"", ""producers"": 4, ""system"": ""celery"", ""visibility_timeout"": 10}",2802.293963000011,2112.460398499934,2266.2156559999858,2.905853500124067,2.5272459997722763,2754.0980459003094,2792.3740844999065,2793.697403440274,6.558010239759818,4.411597920125129,celery,20000,3204.2962886772198,344.4689655172414,26.11,1695.084544,multi-queue-uneven
10.013,20000,,0,2689.4518229992173,2061.425614500422,2643.2636402999833,2685.9056326898553,6.102596783999616,5800.96020933342,3.4477050830000735,1.1197929998161271,0.0031859999580774456,0.004859000000578817,0.005599999894911889,20000,0,,multiqueue,0,0,0,B-alo,,3.966301000000044,12.65612,52.424313,22.041301,3,suite-20260929T211306Z,,,,"{""acks_late"": true, ""concurrency"": 8, ""pool"": ""prefork"", ""prefetch"": 4, ""processes"": 4, ""producer"": ""sync"", ""producers"": 4, ""system"": ""celery"", ""visibility_timeout"": 10}",2689.4495389997246,2061.421281499861,2207.8556320002463,2.840439999999944,2.4288545000672457,2643.2616708000296,2685.9040174599795,2686.8953960394356,5.974073080396923,4.717483259491927,celery,20000,3277.2933732797082,347.02857142857147,25.4,1699.581952,multi-queue-uneven
3.05925,20000,,0,167.76171899982728,104.96602500006702,161.41016749952541,165.56239679011014,0.32547234799949365,110515.27781485609,0.18097045399917988,0.5432030002339161,0.000490999809699133,0.0008909992629924091,0.0023539996618637815,20000,0,,multiqueue,0,0,0,B-alo,,0.26081299999998464,3.673344,5.602022,3.969588,3,suite-20260929T211306Z,,,,"{""concurrency"": 200, ""mode"": ""reliable"", ""processes"": 4, ""producer"": ""batch"", ""producers"": 4, ""style"": ""async"", ""system"": ""blitzq"", ""visibility_timeout"": 10}",167.76086800018675,104.96550900006696,123.249135000151,23.550223999336595,22.92325900043579,161.40935294956762,165.5617363998408,165.8636089200445,34.658917000197114,37.037549470651356,blitzq,20000,61449.152663596215,78.93333333333332,1.23,155.8528,multi-queue-uneven
3.06125,20000,,0,151.99012999983097,97.21193500035952,146.19158019977476,149.11995073986873,0.31690781399993284,94388.70432259937,0.21188976099983847,0.030668999897898175,0.0004809999154531397,0.0008819998129183659,0.002514999332561274,20000,0,,multiqueue,0,0,0,B-alo,,0.2464589999999589,3.644232,5.60823,3.969688,4,suite-20260929T211306Z,,,,"{""concurrency"": 200, ""mode"": ""reliable"", ""processes"": 4, ""producer"": ""batch"", ""producers"": 4, ""style"": ""async"", ""system"": ""blitzq"", ""visibility_timeout"": 10}",151.98965899980976,97.21144400009507,118.62044600002264,22.700016499584308,22.009994499967434,146.19113670032675,149.11921974942743,149.3145712003752,31.966180600102227,42.207907269776115,blitzq,20000,63109.83546781285,82.31666666666668,1.25,155.81184,multi-queue-uneven
10.013,20000,,0,2651.6674439999406,2038.268295999842,2597.9701404498883,2641.1346162695554,6.034823518999474,5873.917434263674,3.4048827249998794,0.26636199982021935,0.0032460002330481075,0.004950450374963104,0.005691000296792481,20000,0,,multiqueue,0,0,0,B-alo,,3.9451239999999643,12.609336,52.424249,22.041353,4,suite-20260929T211306Z,,,,"{""acks_late"": true, ""concurrency"": 8, ""pool"": ""prefork"", ""prefetch"": 4, ""processes"": 4, ""producer"": ""sync"", ""producers"": 4, ""system"": ""celery"", ""visibility_timeout"": 10}",2651.6652199998134,2038.2636019999154,2204.5734094999716,2.8052780003235966,2.522289500120678,2597.967974899939,2641.1314303695963,2642.7565183705883,5.912278950108883,4.501181750047182,celery,20000,3314.0985709083075,344.2285714285714,25.18,1704.247296,multi-queue-uneven
9.7942,5000,,0,1450.9426449994862,620.9318344999701,1367.3327203507142,1435.76857872019,2.861481360000653,2667.9957127222406,1.8740659800005233,0.023515000066254288,0.0012130003597121686,0.0026349998734076507,0.0033172899384226245,7500,2500,,retry,0,0,0,A-alo,,0.6301260000000184,2.852472,3.134714,1.671331,0,suite-20260929T211306Z,,,,"{""concurrency"": 16, ""mode"": ""reliable"", ""processes"": 1, ""producer"": ""sync"", ""style"": ""sync"", ""system"": ""blitzq"", ""visibility_timeout"": 10}",1450.9407109999302,620.930541999769,,,,1367.3317043002044,1435.7675269203992,,,,blitzq,5000,1747.3466959780787,54.7125,2.1999999999999997,39.28064,retry-heavy
15.0502,5000,,0,7254.539874000329,4281.602907500201,7245.566711249785,7250.739033610444,10.050925374000144,1787.3828120380924,2.797386192999511,1.5013390002422966,0.002745000529102981,0.00463800006400561,0.005651500714520819,7500,2500,,retry,0,0,0,A-alo,,1.8116839999999002,7.188664,19.852634,8.794196,0,suite-20260929T211306Z,,,,"{""acks_late"": true, ""concurrency"": 16, ""pool"": ""prefork"", ""prefetch"": 4, ""processes"": 1, ""producer"": ""sync"", ""system"": ""celery"", ""visibility_timeout"": 10}",7254.537730000266,4281.600197500211,,,,7245.564693299684,7250.737442620466,,,,celery,5000,497.4666325683863,150.40227272727273,16.79,916.328448,retry-heavy
15.0474,5000,,0,7224.972513000466,4246.34273249967,7213.877043749835,7222.517835669732,9.974974851998923,1817.1135807188293,2.75161665899941,1.0925770002359059,0.0029060001907055266,0.004819000423594844,0.005781299350928754,7500,2500,,retry,0,0,0,A-alo,,1.817941000000019,7.300144,19.851956,8.794007,1,suite-20260929T211306Z,,,,"{""acks_late"": true, ""concurrency"": 16, ""pool"": ""prefork"", ""prefetch"": 4, ""processes"": 1, ""producer"": ""sync"", ""system"": ""celery"", ""visibility_timeout"": 10}",7224.970539000424,4246.339866999733,,,,7213.87574919986,7222.516290870126,,,,celery,5000,501.2543965459754,149.63636363636363,16.7,912.85504,retry-heavy
9.7372,5000,,0,1472.6240689997212,620.0235414999042,1394.0448579998701,1457.1820186400328,2.866076226999212,2676.189038257827,1.8683284059989091,0.024312001187354326,0.0012130003597121686,0.0025450008251937106,0.003256000127294101,7500,2500,,retry,0,0,0,A-alo,,0.6163970000000063,2.878656,3.119223,1.667686,1,suite-20260929T211306Z,,,,"{""concurrency"": 16, ""mode"": ""reliable"", ""processes"": 1, ""producer"": ""sync"", ""style"": ""sync"", ""system"": ""blitzq"", ""visibility_timeout"": 10}",1472.6230169999326,620.0217629993858,,,,1394.0438064004413,1457.1800546294253,,,,blitzq,5000,1744.5453658554682,52.9875,2.13,38.899712,retry-heavy
9.7684,5000,,0,1498.3232999984466,649.7041974998865,1409.1339227996286,1482.3641237891754,2.866909246000432,2662.65641215249,1.877823957000146,0.027027001124224626,0.0012019991117995232,0.0026950001483783126,0.003527100434439492,7500,2500,,retry,0,0,0,A-alo,,0.6246609999999464,2.881152,3.129208,1.669785,2,suite-20260929T211306Z,,,,"{""concurrency"": 16, ""mode"": ""reliable"", ""processes"": 1, ""producer"": ""sync"", ""style"": ""sync"", ""system"": ""blitzq"", ""visibility_timeout"": 10}",1498.3222979990387,649.7028795001825,,,,1409.1317219495068,1482.3630520895858,,,,blitzq,5000,1744.038464759706,53.724999999999994,2.1599999999999997,39.153664,retry-heavy
15.0504,5000,,0,7156.083631000001,4246.727293500044,7142.67241609914,7154.675398170966,9.923806150998644,1805.3984678353427,2.7694717199992738,1.282707000427763,0.0027149999368702993,0.004759000148624182,0.005871201119589391,7500,2500,,retry,0,0,0,A-alo,,1.8017189999999346,7.131616,19.852848,8.794181,2,suite-20260929T211306Z,,,,"{""acks_late"": true, ""concurrency"": 16, ""pool"": ""prefork"", ""prefetch"": 4, ""processes"": 1, ""producer"": ""sync"", ""system"": ""celery"", ""visibility_timeout"": 10}",7156.081787999938,4246.723486000519,,,,7142.670871550126,7154.673983670891,,,,celery,5000,503.838942833123,149.26363636363638,16.66,915.132416,retry-heavy
15.0502,5000,,0,7359.396429999833,4317.785470999297,7347.040087700316,7358.133083929679,10.100630921999254,1822.484772990621,2.743507147000855,1.3042259997746442,0.0030960000003688037,0.005030000465922058,0.0059015099031967215,7500,2500,,retry,0,0,0,A-alo,,1.822881999999936,7.19584,19.852293,8.793926,3,suite-20260929T211306Z,,,,"{""acks_late"": true, ""concurrency"": 16, ""pool"": ""prefork"", ""prefetch"": 4, ""processes"": 1, ""producer"": ""sync"", ""system"": ""celery"", ""visibility_timeout"": 10}",7359.395176999897,4317.782234998958,,,,7347.037918249953,7358.131273739746,,,,celery,5000,495.01858236498475,151.85454545454547,16.95,912.883712,retry-heavy
9.8458,5000,,0,1537.3123689987551,684.2008040002838,1453.1216825002957,1521.1298906902266,2.9070345510008337,2661.1118008642966,1.8789139180007624,0.029896000341977924,0.0011930005712201819,0.002926450906670654,0.0036374001865624537,7500,2500,,retry,0,0,0,A-alo,,0.6395509999999831,2.91472,3.151869,1.676411,3,suite-20260929T211306Z,,,,"{""concurrency"": 16, ""mode"": ""reliable"", ""processes"": 1, ""producer"": ""sync"", ""style"": ""sync"", ""system"": ""blitzq"", ""visibility_timeout"": 10}",1537.3101040004258,684.1998975005481,,,,1453.1195590997413,1521.1288883890122,,,,blitzq,5000,1719.9657975439611,52.19411764705882,2.23,39.15776,retry-heavy
9.7402,5000,,0,1428.919195999697,611.9313799999873,1349.9639675501385,1413.585186799828,2.8389919649998774,2654.4868813511425,1.883603206000771,0.021100000594742596,0.0012029995559714735,0.0026950001483783126,0.0033860114672279455,7500,2500,,retry,0,0,0,A-alo,,0.6184569999999212,2.888752,3.120172,1.667684,4,suite-20260929T211306Z,,,,"{""concurrency"": 16, ""mode"": ""reliable"", ""processes"": 1, ""producer"": ""sync"", ""style"": ""sync"", ""system"": ""blitzq"", ""visibility_timeout"": 10}",1428.917523000564,611.9302030001563,,,,1349.9629040496075,1413.5841750996224,,,,blitzq,5000,1761.1884998766511,52.96875,2.13,39.227392,retry-heavy
15.056,5000,,0,7298.991543000739,4337.568805000956,7277.77014889989,7295.250246839314,10.073608130000139,1801.2077848945244,2.7759151619993645,1.1922360008611577,0.0030249993869801983,0.004719000571640208,0.005531099268409892,7500,2500,,retry,0,0,0,A-alo,,1.815215999999964,7.333656,19.853563,8.794328,4,suite-20260929T211306Z,,,,"{""acks_late"": true, ""concurrency"": 16, ""pool"": ""prefork"", ""prefetch"": 4, ""processes"": 1, ""producer"": ""sync"", ""system"": ""celery"", ""visibility_timeout"": 10}",7298.990090001098,4337.565479000659,,,,7277.768717848812,7295.248603838954,,,,celery,5000,496.34648633090427,151.74772727272727,16.94,922.25536,retry-heavy
9.215,5000,,0,532.0959250002488,440.3599339993889,483.16167509983643,518.9733490309663,0.5773454879999917,94168.06441954021,0.053096556999662425,0.03908500002580695,0.0019640010577859357,0.002904998927988345,0.0035370994191907834,7500,2500,,retry,0,0,0,B-alo,,0.16648499999996602,3.643936,3.017102,1.680909,0,suite-20260929T211306Z,,,,"{""concurrency"": 200, ""mode"": ""reliable"", ""processes"": 4, ""producer"": ""batch"", ""producers"": 4, ""style"": ""async"", ""system"": ""blitzq"", ""visibility_timeout"": 10}",532.0945729999949,440.3586619991984,,,,483.15962324968496,518.971706620614,,,,blitzq,5000,8660.325756282817,63.31428571428571,1.1199999999999997,153.636864,retry-heavy
15.1026,5000,,0,2612.1481629998016,1520.578468000167,2566.9691727011923,2602.6838274705915,3.65958127399972,3536.257574959785,1.4139241539996874,3.8180179999471875,0.004788999831362162,0.006422998922062106,0.008277599790744751,7500,2500,,retry,0,0,0,B-alo,,1.7173620000000938,9.471104,19.862419,8.759477,0,suite-20260929T211306Z,,,,"{""acks_late"": true, ""concurrency"": 8, ""pool"": ""prefork"", ""prefetch"": 4, ""processes"": 4, ""producer"": ""sync"", ""producers"": 4, ""system"": ""celery"", ""visibility_timeout"": 10}",2612.145719000182,1520.5733934999444,,,,2566.9636667501436,2602.6809301799585,,,,celery,5000,1366.2765288268286,452.38421052631577,22.6,1954.902016,retry-heavy
15.0992,5000,,0,2590.507027000058,1506.932973498806,2543.073918450227,2582.1364694005024,3.598419441999795,3607.8254458404454,1.3858763609987363,5.886787999770604,0.004814500243810471,0.006492999182228232,0.008155910600180524,7500,2500,,retry,0,0,0,B-alo,,1.709993000000054,9.24764,19.862051,8.757946,1,suite-20260929T211306Z,,,,"{""acks_late"": true, ""concurrency"": 8, ""pool"": ""prefork"", ""prefetch"": 4, ""processes"": 4, ""producer"": ""sync"", ""producers"": 4, ""system"": ""celery"", ""visibility_timeout"": 10}",2590.50207799919,1506.9272979990274,,,,2543.070296550468,2582.1331296605604,,,,celery,5000,1389.498939907152,471.2722222222222,22.349999999999998,1943.937024,retry-heavy
9.2652,5000,,0,488.56176400113327,378.83228700047766,470.5261229494681,488.019194239896,0.582155733000036,41519.43287535214,0.12042553700121061,0.06821100032539107,0.001953999344550539,0.0029759995413769502,0.0036770997576240937,7500,2500,,retry,0,0,0,B-alo,,0.17963699999995697,3.566896,3.033339,1.684054,1,suite-20260929T211306Z,,,,"{""concurrency"": 200, ""mode"": ""reliable"", ""processes"": 4, ""producer"": ""batch"", ""producers"": 4, ""style"": ""async"", ""system"": ""blitzq"", ""visibility_timeout"": 10}",488.5612830003083,378.83101949955744,,,,470.5256629502401,488.01872313988497,,,,blitzq,5000,8588.767088547578,65.84285714285714,1.17,153.038848,retry-heavy
9.2286,5000,,0,513.7657270006457,429.6568230001867,491.7807588500182,500.15456550832835,0.5853869460006536,62904.09432890643,0.07948608200058516,0.035693999961949885,0.001983999027288519,0.0029750490284641273,0.0038070111259003174,7500,2500,,retry,0,0,0,B-alo,,0.1679429999999229,3.663592,3.022516,1.681915,2,suite-20260929T211306Z,,,,"{""concurrency"": 200, ""mode"": ""reliable"", ""processes"": 4, ""producer"": ""batch"", ""producers"": 4, ""style"": ""async"", ""system"": ""blitzq"", ""visibility_timeout"": 10}",513.7640230004763,429.65508500037686,,,,491.7792139509402,500.1528722994045,,,,blitzq,5000,8541.358898007298,64.78571428571429,1.1499999999999997,154.374144,retry-heavy
15.0998,5000,,0,2613.7318029996095,1524.167788500563,2573.859637249916,2606.1309932988843,3.650365901999976,3602.005554046949,1.3881155719991511,5.314967000231263,0.004940000508213416,0.006663000021944754,0.008105000233626924,7500,2500,,retry,0,0,0,B-alo,,1.7313090000000102,9.380392,19.862041,8.759331,2,suite-20260929T211306Z,,,,"{""acks_late"": true, ""concurrency"": 8, ""pool"": ""prefork"", ""prefetch"": 4, ""processes"": 4, ""producer"": ""sync"", ""producers"": 4, ""system"": ""celery"", ""visibility_timeout"": 10}",2613.7263529999473,1524.1622075000123,,,,2573.854467450383,2606.128355678902,,,,celery,5000,1369.7257026372565,456.6684210526315,22.819999999999997,1941.549056,retry-heavy
15.111,5000,,0,2561.854954001319,1481.7603149995193,2518.1558540496553,2555.592292280344,3.5900392449984793,3592.5234663473616,1.3917793569999048,6.025873000908177,0.004618999810190871,0.0063125004999164975,0.00878091041158777,7500,2500,,retry,0,0,0,B-alo,,1.724444999999946,9.690168,19.863993,8.759791,3,suite-20260929T211306Z,,,,"{""acks_late"": true, ""concurrency"": 8, ""pool"": ""prefork"", ""prefetch"": 4, ""processes"": 4, ""producer"": ""sync"", ""producers"": 4, ""system"": ""celery"", ""visibility_timeout"": 10}",2561.850375001086,1481.754168000407,,,,2518.1534739506787,2555.590568179032,,,,celery,5000,1392.7424350488175,451.3421052631579,22.509999999999998,1963.061248,retry-heavy
9.2532,5000,,0,489.02049099888245,369.85178050053946,471.3766237003256,488.5047316705277,0.5829217009995773,38049.70166194204,0.13140707499951532,0.040237999201053753,0.0019340004655532539,0.003155999456794234,0.004178000381216407,7500,2500,,retry,0,0,0,B-alo,,0.18163300000003346,3.636048,3.027906,1.68321,3,suite-20260929T211306Z,,,,"{""concurrency"": 200, ""mode"": ""reliable"", ""processes"": 4, ""producer"": ""batch"", ""producers"": 4, ""style"": ""async"", ""system"": ""blitzq"", ""visibility_timeout"": 10}",489.02003999864974,369.8500675000105,,,,471.3761121504831,488.5042607705145,,,,blitzq,5000,8577.481317690084,66.81428571428572,1.1799999999999997,154.570752,retry-heavy
9.311,5000,,0,551.971221999338,455.80876799976977,499.20521090143666,535.7504883985349,0.5901498909988732,110795.15042893158,0.04512832899854402,0.03436599945416674,0.0018829996406566352,0.002894999852287583,0.003556999236025149,7500,2500,,retry,0,0,0,B-alo,,0.18114600000001246,3.66388,3.047463,1.686294,4,suite-20260929T211306Z,,,,"{""concurrency"": 200, ""mode"": ""reliable"", ""processes"": 4, ""producer"": ""batch"", ""producers"": 4, ""style"": ""async"", ""system"": ""blitzq"", ""visibility_timeout"": 10}",551.9693890000781,455.80753549984365,,,,499.20280445121534,535.7489251991502,,,,blitzq,5000,8472.423830388452,66.04285714285714,1.1799999999999997,153.665536,retry-heavy
15.1054,5000,,0,2670.3282599992235,1559.0028654996786,2621.550355799991,2662.5898206389866,3.6909476750006434,3584.4210351533134,1.3949254150011257,2.6905309987341752,0.0049600002967054024,0.006763500732631657,0.009230398827639926,7500,2500,,retry,0,0,0,B-alo,,1.7359449999999015,9.3418,19.862841,8.759482,4,suite-20260929T211306Z,,,,"{""acks_late"": true, ""concurrency"": 8, ""pool"": ""prefork"", ""prefetch"": 4, ""processes"": 4, ""producer"": ""sync"", ""producers"": 4, ""system"": ""celery"", ""visibility_timeout"": 10}",2670.323129999815,1558.9963725005873,,,,2621.546446300181,2662.584518999429,,,,celery,5000,1354.6656415277218,455.59999999999997,22.849999999999998,1941.704704,retry-heavy
15.4834,5000,,0,2003.8074469994172,2002.2525919994223,2002.8950659503607,2003.218811079023,3.9273670940001466,2597.225857867615,1.925130995001382,0.03002700032084249,0.001562999386806041,0.0025350000214530155,0.0028750100682373163,5000,0,,scheduled,0,0,0,A-alo,,0.7317789999999604,4.652848,3.346672,1.279549,0,suite-20260929T211306Z,2.25102549939038,2.892616600092879,3.2177572792352294,"{""concurrency"": 16, ""mode"": ""reliable"", ""processes"": 1, ""producer"": ""sync"", ""style"": ""sync"", ""system"": ""blitzq"", ""visibility_timeout"": 10}",2003.805422998994,2002.2510254993904,,,,2002.8926166000929,2003.2177572792352,,,,blitzq,5000,1273.1175569603663,40.96190476190476,2.16,38.760448,scheduled
10.0196,5000,,0,2900.012918000357,2002.51450199994,2756.975730900376,2872.207179570105,5.507539723999798,1917.1749714519137,2.6080040030010423,1.1676630001602462,0.002154000867449213,0.0045289999434317,0.005942099924141078,5000,0,,scheduled,0,0,0,A-alo,,1.1758149999999432,8.113552,12.997884,5.738615,0,suite-20260929T211306Z,2.5077805012188037,756.9738364497426,872.2057759690325,"{""acks_late"": true, ""concurrency"": 16, ""pool"": ""prefork"", ""prefetch"": 4, ""processes"": 1, ""producer"": ""sync"", ""system"": ""celery"", ""visibility_timeout"": 10}",2900.011595000251,2002.5077805012188,,,,2756.9738364497425,2872.205775969033,,,,celery,5000,907.8463797931171,88.51538461538463,5.84,837.935104,scheduled
10.0196,5000,,0,2884.8573329996725,2002.140591999705,2743.605907200436,2855.4286788507493,5.472728465998443,1931.608772160134,2.5885158900000533,1.1257919995841803,0.002094000592478551,0.00430804993811762,0.006142299625935272,5000,0,,scheduled,0,0,0,A-alo,,1.1828060000000278,8.15044,12.997807,5.738511,1,suite-20260929T211306Z,2.131185499820276,743.6046386997988,855.4267706600697,"{""acks_late"": true, ""concurrency"": 16, ""pool"": ""prefork"", ""prefetch"": 4, ""processes"": 1, ""producer"": ""sync"", ""system"": ""celery"", ""visibility_timeout"": 10}",2884.855989999778,2002.1311854998203,,,,2743.6046386997987,2855.4267706600695,,,,celery,5000,913.6210632529164,87.30000000000001,5.76,836.800512,scheduled
15.5008,5000,,0,2003.8398760007112,2002.225687500868,2002.8900215005706,2003.2211144898065,3.9063282320003054,2625.626323599189,1.904307537999557,0.028411001039785333,0.0015229998098220676,0.002585000402177684,0.0030062000405450865,5000,0,,scheduled,0,0,0,A-alo,,0.7261470000000827,4.648256,3.352002,1.279239,1,suite-20260929T211306Z,2.2242470004130155,2.887972500320757,3.2193196896878375,"{""concurrency"": 16, ""mode"": ""reliable"", ""processes"": 1, ""producer"": ""sync"", ""style"": ""sync"", ""system"": ""blitzq"", ""visibility_timeout"": 10}",2003.8378320004995,2002.224247000413,,,,2002.8879725003205,2003.2193196896876,,,,blitzq,5000,1279.974365451533,42.59,2.14,38.641664,scheduled
15.5514,5000,,0,2003.8783010004408,2002.2246219996305,2002.900147600303,2003.2612983395484,3.954220964000342,2561.024132980339,1.9523439610002242,0.03829399975074921,0.0016029989637900144,0.002574999598436989,0.002986000254168175,5000,0,,scheduled,0,0,0,A-alo,,0.7467039999999088,4.652504,3.366473,1.283771,2,suite-20260929T211306Z,2.2227540002859314,2.896338699702028,3.2594611302738485,"{""concurrency"": 16, ""mode"": ""reliable"", ""processes"": 1, ""producer"": ""sync"", ""style"": ""sync"", ""system"": ""blitzq"", ""visibility_timeout"": 10}",2003.8762269996369,2002.222754000286,,,,2002.8963386997018,2003.2594611302738,,,,blitzq,5000,1264.4715724084576,41.7047619047619,2.1999999999999997,38.862848,scheduled
10.0194,5000,,0,2906.821206001041,2002.4168905001716,2762.9707427013273,2877.4827572698996,5.468793387000915,1951.2531308585667,2.562455850000333,1.0675329995137872,0.0021440009732032195,0.004428050397109473,0.00591120067838347,5000,0,,scheduled,0,0,0,A-alo,,1.1699830000001157,8.152496,12.997745,5.738422,2,suite-20260929T211306Z,2.40423649938748,762.9688237015217,877.4813048702528,"{""acks_late"": true, ""concurrency"": 16, ""pool"": ""prefork"", ""prefetch"": 4, ""processes"": 1, ""producer"": ""sync"", ""system"": ""celery"", ""visibility_timeout"": 10}",2906.818411000131,2002.4042364993875,,,,2762.9688237015216,2877.4813048702526,,,,celery,5000,914.2784607450674,88.1846153846154,5.819999999999999,836.66944,scheduled
10.0194,5000,,0,2927.3577769999974,2002.3152150006354,2783.401808951203,2897.941455970722,5.4715370909998455,1964.7676211905325,2.544830210999862,1.3527280007110676,0.0022040003386791795,0.004237999746692367,0.005792910142190563,5000,0,,scheduled,0,0,0,A-alo,,1.1730539999999792,8.148632,12.997663,5.738437,3,suite-20260929T211306Z,2.3110270003599,783.4003734511499,897.9402341700008,"{""acks_late"": true, ""concurrency"": 16, ""pool"": ""prefork"", ""prefetch"": 4, ""processes"": 1, ""producer"": ""sync"", ""system"": ""celery"", ""visibility_timeout"": 10}",2927.355883999553,2002.31102700036,,,,2783.40037345115,2897.940234170001,,,,celery,5000,913.8199955227428,87.72307692307693,5.789999999999999,832.516096,scheduled
15.5076,5000,,0,2003.7863300003664,2002.2547164999196,2002.9144763488148,2003.262892100356,3.928217434000544,2595.303281519528,1.9265571140003885,0.014006998753757216,0.001562999386806041,0.002544050312280888,0.0029160982739995255,5000,0,,scheduled,0,0,0,A-alo,,0.7320929999999635,4.619224,3.353818,1.280763,3,suite-20260929T211306Z,2.253425999697356,2.912461600863026,3.260758800188342,"{""concurrency"": 16, ""mode"": ""reliable"", ""processes"": 1, ""producer"": ""sync"", ""style"": ""sync"", ""system"": ""blitzq"", ""visibility_timeout"": 10}",2003.7838250009372,2002.2534259996974,,,,2002.912461600863,2003.2607588001886,,,,blitzq,5000,1272.8419656006515,40.75714285714285,2.15,38.875136,scheduled
15.5764,5000,,0,2004.229647000102,2002.1939339994788,2002.8269877993807,2003.1272047907805,3.9452492029995483,2572.721924021149,1.9434669379988918,0.027251999199506827,0.0016730009519960731,0.0026050001906696707,0.0031771895919519054,5000,0,,scheduled,0,0,0,A-alo,,0.7463020000000142,4.646872,3.374447,1.285588,4,suite-20260929T211306Z,2.1918359998380765,2.8249046004930283,3.1250602816180626,"{""concurrency"": 16, ""mode"": ""reliable"", ""processes"": 1, ""producer"": ""sync"", ""style"": ""sync"", ""system"": ""blitzq"", ""visibility_timeout"": 10}",2004.2276230014977,2002.191835999838,,,,2002.824904600493,2003.1250602816183,,,,blitzq,5000,1267.347065477773,41.51428571428571,2.19,38.854656,scheduled
10.0194,5000,,0,2927.246732999265,2002.258073000121,2787.089855450995,2899.15088929889,5.508529472999726,1936.647393477763,2.581781287000922,1.14431399924797,0.002013000084843952,0.004108000211999752,0.0055311010692094004,5000,0,,scheduled,0,0,0,A-alo,,1.1780969999999797,8.154416,13.007748,5.743599,4,suite-20260929T211306Z,2.251214499665366,787.0878350006025,899.1494759988383,"{""acks_late"": true, ""concurrency"": 16, ""pool"": ""prefork"", ""prefetch"": 4, ""processes"": 1, ""producer"": ""sync"", ""system"": ""celery"", ""visibility_timeout"": 10}",2927.2453609992226,2002.2512144996654,,,,2787.0878350006024,2899.149475998838,,,,celery,5000,907.6832618410589,87.6423076923077,5.78,834.453504,scheduled
11.1096,5000,,0,2025.549592999596,2012.5422014989454,2024.4497563003279,2025.1501125802313,2.1198879749990738,40345.1316219397,0.12393068999881507,0.014056999134481885,0.00045100023271515965,0.0007110011210897937,0.001974098249775127,5000,0,,scheduled,0,0,0,B-alo,,0.11674299999992854,4.979736,2.519811,1.074548,0,suite-20260929T211306Z,12.541750999844226,24.449324299894215,25.14962188042773,"{""concurrency"": 200, ""mode"": ""reliable"", ""processes"": 4, ""producer"": ""batch"", ""producers"": 4, ""style"": ""async"", ""system"": ""blitzq"", ""visibility_timeout"": 10}",2025.5491320003784,2012.5417509998442,,,,2024.4493242998942,2025.149621880428,,,,blitzq,5000,2358.6151999386593,9.461538461538462,0.3099999999999997,154.341376,scheduled
10.0238,5000,,0,2022.461012000349,2000.5846230005773,2001.1836259484878,2001.5390504407148,2.8816611020010896,5671.141426735512,0.8816567290014063,0.8917340001062257,0.002214500455011148,0.0039484501030528935,0.004989398639736473,5000,0,,scheduled,0,0,0,B-alo,,1.0534400000000232,10.268056,13.009324,5.727466,0,suite-20260929T211306Z,0.582169499466545,1.1789476993726569,1.5359104102935819,"{""acks_late"": true, ""concurrency"": 8, ""pool"": ""prefork"", ""prefetch"": 4, ""processes"": 4, ""producer"": ""sync"", ""producers"": 4, ""system"": ""celery"", ""visibility_timeout"": 10}",2022.4567139994178,2000.5821694994665,,,,2001.1789476993727,2001.5359104102934,,,,celery,5000,1735.1103488636775,163.88125,6.819999999999999,1743.327232,scheduled
10.0238,5000,,0,2021.5261239991378,2000.5555174993788,2001.1122059509034,2001.516548360414,2.852302253000744,5866.3608756348185,0.8523171530014224,0.0289250001515029,0.0020740008039865643,0.003817000106209889,0.004800100177817515,5000,0,,scheduled,0,0,0,B-alo,,1.0434770000000526,10.217816,13.009319,5.727619,1,suite-20260929T211306Z,0.5535529999178834,1.1099794015535744,1.51419026991789,"{""acks_late"": true, ""concurrency"": 8, ""pool"": ""prefork"", ""prefetch"": 4, ""processes"": 4, ""producer"": ""sync"", ""producers"": 4, ""system"": ""celery"", ""visibility_timeout"": 10}",2021.5199729991582,2000.5535529999179,,,,2001.1099794015536,2001.514190269918,,,,celery,5000,1752.9699016784728,160.01250000000002,6.67,1743.732736,scheduled
11.1108,5000,,0,2027.575452999372,2012.6223585002663,2023.8025655489764,2027.0999712403866,2.1055983509995713,45786.11308486311,0.1092034169996623,0.5446710001706379,0.0004610010364558548,0.0007809994713170454,0.001983999027288519,5000,0,,scheduled,0,0,0,B-alo,,0.12075100000004113,4.94376,2.520744,1.074611,1,suite-20260929T211306Z,12.621892501556431,23.80205655008467,27.09953993995441,"{""concurrency"": 200, ""mode"": ""reliable"", ""processes"": 4, ""producer"": ""batch"", ""producers"": 4, ""style"": ""async"", ""system"": ""blitzq"", ""visibility_timeout"": 10}",2027.5750129985681,2012.6218925015564,,,,2023.8020565500844,2027.0995399399542,,,,blitzq,5000,2374.6219204751924,9.423076923076923,0.30999999999999994,154.198016,scheduled
11.1066,5000,,0,2025.5558870012464,2015.161332000389,2023.732815800122,2025.0723335699515,2.120311605000097,40303.31208670583,0.12405928299995139,0.635053998848889,0.0004610010364558548,0.0006509999366244301,0.0019942998369515473,5000,0,,scheduled,0,0,0,B-alo,,0.11654199999998127,5.016624,2.520025,1.074515,2,suite-20260929T211306Z,15.16084149989183,23.732346300130303,25.071872668922882,"{""concurrency"": 200, ""mode"": ""reliable"", ""processes"": 4, ""producer"": ""batch"", ""producers"": 4, ""style"": ""async"", ""system"": ""blitzq"", ""visibility_timeout"": 10}",2025.5554160012252,2015.1608414998918,,,,2023.7323463001303,2025.0718726689229,,,,blitzq,5000,2358.143957807452,8.861538461538462,0.29000000000000004,154.07104,scheduled
10.0238,5000,,0,2022.2051029995782,2000.5585870003415,2001.1117172999548,2001.5342950888407,2.8590705820006406,5822.463011286849,0.8587431110008765,0.0780099999246886,0.001988500116567593,0.003656999979284592,0.004448100244189847,5000,0,,scheduled,0,0,0,B-alo,,1.03430400000002,10.358784,13.009291,5.727518,2,suite-20260929T211306Z,0.5561865000345279,1.1077718008891682,1.5321473504991447,"{""acks_late"": true, ""concurrency"": 8, ""pool"": ""prefork"", ""prefetch"": 4, ""processes"": 4, ""producer"": ""sync"", ""producers"": 4, ""system"": ""celery"", ""visibility_timeout"": 10}",2022.1968070000003,2000.5561865000345,,,,2001.1077718008892,2001.532147350499,,,,celery,5000,1748.820064631367,159.36874999999998,6.6499999999999995,1735.86432,scheduled
10.0238,5000,,0,2021.5604690001783,2000.5698404993382,2001.2259949001416,2001.5342055301514,2.873479063000559,5725.976456778013,0.8732135099999141,0.04970599911757745,0.002043998392764479,0.003827000909950584,0.00473919855721761,5000,0,,scheduled,0,0,0,B-alo,,1.05193799999995,10.162256,13.009435,5.72757,3,suite-20260929T211306Z,0.5674260000887443,1.2231509505909344,1.5306427392533808,"{""acks_late"": true, ""concurrency"": 8, ""pool"": ""prefork"", ""prefetch"": 4, ""processes"": 4, ""producer"": ""sync"", ""producers"": 4, ""system"": ""celery"", ""visibility_timeout"": 10}",2021.555889999945,2000.5674260000887,,,,2001.2231509505912,2001.5306427392532,,,,celery,5000,1740.0509592642984,161.96875,6.72,1736.425472,scheduled
11.1086,5000,,0,2027.0760980001796,2013.3234079994509,2024.8870201506177,2026.483332999851,2.141251226001259,34656.41330313005,0.1442734410011326,0.014086999726714566,0.00046099921746645123,0.0008509997314831708,0.002154109952243746,5000,0,,scheduled,0,0,0,B-alo,,0.11922800000002098,4.938576,2.519057,1.074571,3,suite-20260929T211306Z,13.322957499440236,24.88655965134967,26.48251369080754,"{""concurrency"": 200, ""mode"": ""reliable"", ""processes"": 4, ""producer"": ""batch"", ""producers"": 4, ""style"": ""async"", ""system"": ""blitzq"", ""visibility_timeout"": 10}",2027.0756570007507,2013.3229574994402,,,,2024.8865596513497,2026.4825136908073,,,,blitzq,5000,2335.08330983534,9.761538461538462,0.31999999999999973,153.440256,scheduled
11.0896,5000,,0,2041.7254099993443,2029.267545500261,2039.274969500184,2041.1720494601648,2.0889687259987113,77764.66164593273,0.06429655699866998,0.5558769989875145,0.0004610010364558548,0.0006710514753649479,0.0018331010687688855,5000,0,,scheduled,0,0,0,B-alo,,0.11247900000000755,5.021136,2.513142,1.073636,4,suite-20260929T211306Z,29.2670544995417,39.27447799860602,41.17159805993652,"{""concurrency"": 200, ""mode"": ""reliable"", ""processes"": 4, ""producer"": ""batch"", ""producers"": 4, ""style"": ""async"", ""system"": ""blitzq"", ""visibility_timeout"": 10}",2041.724938999323,2029.2670544995417,,,,2039.2744779986058,2041.1715980599365,,,,blitzq,5000,2393.5255409865263,8.238461538461538,0.27000000000000013,154.533888,scheduled
10.0236,5000,,0,2021.0720129998663,2000.560669499464,2001.0362330991484,2001.4987684701553,2.852335273999415,5865.199028074801,0.8524859900007868,0.05836200034536887,0.0021739997464464977,0.0037484503081941524,0.004689099987444936,5000,0,,scheduled,0,0,0,B-alo,,1.0350859999999784,10.42824,13.009294,5.727578,4,suite-20260929T211306Z,0.5587924997598748,1.0331230499105006,1.4966057694073243,"{""acks_late"": true, ""concurrency"": 8, ""pool"": ""prefork"", ""prefetch"": 4, ""processes"": 4, ""producer"": ""sync"", ""producers"": 4, ""system"": ""celery"", ""visibility_timeout"": 10}",2021.0665530012193,2000.5587924997599,,,,2001.0331230499103,2001.4966057694076,,,,celery,5000,1752.9496078450927,161.35625,6.69,1745.3056,scheduled
5.7315,2000,1.9831308009997883,0,18652.633900001092,3794.0085909995105,6408.93179919967,6634.847302519101,18.863757790000818,2986.6885932596597,0.6696379410004738,53.76438200073608,50.12684750090557,50.61611749915755,51.28148379882987,2000,0,,crash,0,0,0,A-alo,16.88062698900103,0.39831599999990885,2.949112,0.870004,0.578064,0,suite-20260929T211306Z,,,,"{""concurrency"": 16, ""mode"": ""reliable"", ""processes"": 1, ""producer"": ""sync"", ""style"": ""sync"", ""system"": ""blitzq"", ""visibility_timeout"": 10}",18602.47804300161,3743.9190355007668,,,,6358.818468799654,6584.74843876882,,,,blitzq,2000,106.0234139064353,11.241249999999999,2.27,38.989824,worker-crash
12.8875,2000,2.000702913999703,0,103307.48411700006,4195.94096200035,6722.443253051097,103263.642545901,103.66080888299985,2021.0588205302,0.9895803029994568,56.05998299870407,50.11276450113655,50.15104009953575,50.26500880905587,2000,0,,crash,0,0,0,A-alo,101.66010596900014,1.3329880000000003,4.249048,5.427468,3.017732,0,suite-20260929T211306Z,,,,"{""acks_late"": true, ""concurrency"": 16, ""pool"": ""prefork"", ""prefetch"": 4, ""processes"": 1, ""producer"": ""sync"", ""system"": ""celery"", ""visibility_timeout"": 10}",103257.3895580008,4145.83887650042,,,,6672.335477451088,103213.54164931043,,,,celery,2000,19.293694710190476,4.957384987893462,5.28,821.178368,worker-crash
12.887,2000,2.051539422998758,0,103324.94672400026,4207.153846999972,6715.782974251033,103281.07708748912,103.67886889799956,2022.52287950825,0.9888639679993503,51.96425299982366,50.11978750007984,50.168742700225266,50.81009218027248,2000,0,,crash,0,0,0,A-alo,101.6273294750008,1.3208740000000034,4.250328,5.427559,3.01637,1,suite-20260929T211306Z,,,,"{""acks_late"": true, ""concurrency"": 16, ""pool"": ""prefork"", ""prefetch"": 4, ""processes"": 1, ""producer"": ""sync"", ""system"": ""celery"", ""visibility_timeout"": 10}",103274.82245200008,4156.995443000596,,,,6665.649469150776,103230.9694075002,,,,celery,2000,19.290333905625673,4.88252427184466,5.16,820.994048,worker-crash
5.8545,2000,1.9954266080003435,0,18657.696595000743,3782.8013039988946,6384.957321149976,6614.385276351641,18.881587322000996,2962.9005796401593,0.6750142119999509,53.07673900097143,50.12151549999544,50.59570714929578,51.28787832067246,2000,0,,crash,0,0,0,A-alo,16.886160714000653,0.40347299999996267,2.734256,0.884103,0.581586,1,suite-20260929T211306Z,,,,"{""concurrency"": 16, ""mode"": ""reliable"", ""processes"": 1, ""producer"": ""sync"", ""style"": ""sync"", ""system"": ""blitzq"", ""visibility_timeout"": 10}",18607.56399499951,3732.695113499176,,,,6334.806548600135,6564.2926637502205,,,,blitzq,2000,105.92329796709315,11.1675,2.26,39.071744,worker-crash
5.8375,2000,1.9945197170000029,0,18658.046124000975,3803.5118874995533,6406.746224101062,6639.356541180423,18.866379840999798,3051.7775659837093,0.655355757999132,52.57884000093327,50.11927699979424,50.63678705055281,51.272267098811426,2000,0,,crash,0,0,0,A-alo,16.871860123999795,0.4059140000000525,2.763344,0.88178,0.581103,2,suite-20260929T211306Z,,,,"{""concurrency"": 16, ""mode"": ""reliable"", ""processes"": 1, ""producer"": ""sync"", ""style"": ""sync"", ""system"": ""blitzq"", ""visibility_timeout"": 10}",18607.93491000004,3753.4001399999397,,,,6356.604019900442,6589.1536699297285,,,,blitzq,2000,106.00867876377987,11.166250000000002,2.2600000000000002,39.19872,worker-crash
12.8815,2000,2.0113790659997903,0,103289.55944799964,4177.064271500058,6727.5298608499725,103245.50450951011,103.63555935399927,2032.344021427869,0.9840853609985061,51.8703750003624,50.11874350020662,50.164802800009056,50.76109466088383,2000,0,,crash,0,0,0,A-alo,101.62418028799948,1.3147889999999052,4.227952,5.42727,3.014827,2,suite-20260929T211306Z,,,,"{""acks_late"": true, ""concurrency"": 16, ""pool"": ""prefork"", ""prefetch"": 4, ""processes"": 1, ""producer"": ""sync"", ""system"": ""celery"", ""visibility_timeout"": 10}",103239.43047000103,4126.955863001058,,,,6677.387556700251,103195.40679920047,,,,celery,2000,19.298395381534846,4.90632603406326,5.220000000000001,819.638272,worker-crash
12.884,2000,2.018906381999841,0,103299.00544200063,4180.643001000135,6717.759370100248,103255.25989718932,103.64527802200064,2041.5529375784604,0.9796464070004731,54.769326001405716,50.11783650115831,50.16121050066431,50.4179715204009,2000,0,,crash,0,0,0,A-alo,101.6263716400008,1.3232279999999719,4.222,5.427264,3.014669,3,suite-20260929T211306Z,,,,"{""acks_late"": true, ""concurrency"": 16, ""pool"": ""prefork"", ""prefetch"": 4, ""processes"": 1, ""producer"": ""sync"", ""system"": ""celery"", ""visibility_timeout"": 10}",103248.91042099989,4130.522286999621,,,,6667.609480498959,103205.15228596856,,,,celery,2000,19.29658579887704,4.893673965936739,5.2,819.294208,worker-crash
5.8565,2000,1.9915220229995612,1,18654.91808799925,3791.3138040003105,6396.470270899954,6625.4842143196765,18.867124108999633,3050.41119298567,0.6556493120006053,53.627764000339084,50.12216349859955,50.575520250367845,51.27686799942239,2001,0,,crash,0,0,0,A-alo,16.87560208600007,0.4079150000000027,2.760384,0.883773,0.580167,3,suite-20260929T211306Z,,,,"{""concurrency"": 16, ""mode"": ""reliable"", ""processes"": 1, ""producer"": ""sync"", ""style"": ""sync"", ""system"": ""blitzq"", ""visibility_timeout"": 10}",18604.78084799979,3741.2210705006146,,,,6346.353556148642,6575.392960479749,,,,blitzq,2000,106.00449694641053,11.386075949367088,2.2800000000000002,39.063552,worker-crash
5.8155,2000,1.9813222180000594,0,18658.325272001093,3789.767410999957,6416.026416300791,6649.406683989546,18.866689511000004,3029.9368165315345,0.6600797709998005,52.456072000495624,50.1273494992347,50.598637150324066,51.24016631873019,2000,0,,crash,0,0,0,A-alo,16.885367292999945,0.40103799999997136,2.754168,0.879562,0.579014,4,suite-20260929T211306Z,,,,"{""concurrency"": 16, ""mode"": ""reliable"", ""processes"": 1, ""producer"": ""sync"", ""style"": ""sync"", ""system"": ""blitzq"", ""visibility_timeout"": 10}",18608.121572000528,3739.6325979998437,,,,6365.893782149577,6599.263421390624,,,,blitzq,2000,106.00693878138628,11.337974683544305,2.27,39.19872,worker-crash
12.8815,2000,2.006403794999642,0,103282.26334600004,4174.221020999539,6690.3078563001145,103236.62162871084,103.62704328499967,2069.295626263946,0.9665124570001353,53.10975599968515,50.116637000428454,50.15948769987517,50.41535570020642,2000,0,,crash,0,0,0,A-alo,101.62063949000003,1.3192820000000438,4.267,5.42723,3.015634,4,suite-20260929T211306Z,,,,"{""acks_late"": true, ""concurrency"": 16, ""pool"": ""prefork"", ""prefetch"": 4, ""processes"": 1, ""producer"": ""sync"", ""system"": ""celery"", ""visibility_timeout"": 10}",103232.14179899878,4124.08630399932,,,,6640.2063938490755,103186.51181870993,,,,celery,2000,19.29998132340331,4.893917274939173,5.21,821.1456,worker-crash
2.026,1984,1.995412911999665,0,6615.158569999039,3768.7008405000597,6331.179841200083,6565.584767890032,7.254215151999233,3128.2840481532367,0.6393281330001628,54.08160299884912,50.116994500058354,50.59107435017722,51.570270439970045,1984,0,,crash,16,16,0,A-amo,5.258802239999568,0.283696999999961,2.726128,0.376818,0.311315,0,suite-20260929T211306Z,,,,"{""concurrency"": 16, ""mode"": ""fast"", ""processes"": 1, ""producer"": ""sync"", ""style"": ""sync"", ""system"": ""blitzq"", ""visibility_timeout"": 10}",6565.012060000299,3718.5946094996325,,,,6280.8988879000935,6515.485639010731,,,,blitzq,2000,273.49616166997987,13.698076923076922,1.8099999999999998,39.038976,worker-crash
12.9195,1984,2.010704872998758,0,103270.80172600108,4106.21924500083,6533.282847999726,103226.02008920907,103.62457069700031,2047.9599095296153,0.9765816170001926,54.65519800054608,50.10980700080836,50.14618000059272,50.566009300255274,1984,0,,crash,16,16,0,A-amo,101.61386582400155,1.3608229999999821,4.221712,5.429566,3.041628,0,suite-20260929T211306Z,,,,"{""acks_late"": false, ""concurrency"": 16, ""pool"": ""prefork"", ""prefetch"": 4, ""processes"": 1, ""producer"": ""sync"", ""system"": ""celery"", ""visibility_timeout"": 10}",103220.69739899962,4056.101136500729,,,,6483.18006054933,103175.91471231982,,,,celery,2000,19.14603830592692,4.84055944055944,5.38,819.863552,worker-crash
12.9185,1984,2.0201676529995893,0,103303.50323200037,4127.527959500185,6583.268699049859,103258.41888604993,103.66302555100083,2045.1649691517068,0.9779162220002036,52.3260059999302,50.110394499824906,50.1451890010685,50.91949373963872,1984,0,,crash,16,16,0,A-amo,101.64285789800124,1.3520730000000185,4.218384,5.429616,3.041633,1,suite-20260929T211306Z,,,,"{""acks_late"": false, ""concurrency"": 16, ""pool"": ""prefork"", ""prefetch"": 4, ""processes"": 1, ""producer"": ""sync"", ""system"": ""celery"", ""visibility_timeout"": 10}",103253.37272400066,4077.425666000636,,,,6533.171503449648,103208.32707455994,,,,celery,2000,19.138935888224662,4.937062937062937,5.49,814.338048,worker-crash
2.0255,1984,1.9780328229990118,0,6585.56131000114,3739.976796499832,6309.09765995093,6538.405229100299,7.226732125000126,3116.8248605917693,0.6416786600002524,51.62389500037534,50.12021249967802,50.43089324981338,50.92269140011922,1984,0,,crash,16,16,0,A-amo,5.248699302001114,0.27792299999987335,2.745848,0.376659,0.311371,1,suite-20260929T211306Z,,,,"{""concurrency"": 16, ""mode"": ""fast"", ""processes"": 1, ""producer"": ""sync"", ""style"": ""sync"", ""system"": ""blitzq"", ""visibility_timeout"": 10}",6535.445714000161,3689.795801499713,,,,6258.8152831504885,6488.302886680904,,,,blitzq,2000,274.53625866891605,13.973076923076924,1.8499999999999999,38.99392,worker-crash
2.044,1984,1.9893250860004628,0,6594.174537000072,3746.2288729993816,6312.540833599451,6543.417612329122,7.231988924000689,3134.33141394488,0.6380946160006715,52.218152000932605,50.12079649986845,50.44928169991181,51.02800178950929,1984,0,,crash,16,16,0,A-amo,5.242663838000226,0.2817380000000185,2.733256,0.378323,0.311452,2,suite-20260929T211306Z,,,,"{""concurrency"": 16, ""mode"": ""fast"", ""processes"": 1, ""producer"": ""sync"", ""style"": ""sync"", ""system"": ""blitzq"", ""visibility_timeout"": 10}",6544.0717180008505,3696.112839500529,,,,6262.359133898917,6493.321596419828,,,,blitzq,2000,274.336703339759,13.965384615384616,1.8499999999999999,39.051264,worker-crash
12.919,1984,2.0016337070010195,0,103267.03167699998,4109.867719500471,6507.285566150131,103222.06918157957,103.62207746900094,1995.545837921015,1.0022320520001813,53.79811700004211,50.11025699968741,50.14703800015923,50.21597691857096,1984,0,,crash,16,16,0,A-amo,101.62044376199992,1.3580479999999397,4.229216,5.429479,3.040503,2,suite-20260929T211306Z,,,,"{""acks_late"": false, ""concurrency"": 16, ""pool"": ""prefork"", ""prefetch"": 4, ""processes"": 1, ""producer"": ""sync"", ""system"": ""celery"", ""visibility_timeout"": 10}",103216.903352999,4059.7557045011854,,,,6457.173640800465,103171.94572104915,,,,celery,2000,19.146498974540666,4.810514018691589,5.35,818.417664,worker-crash
12.9175,1984,2.012422064999555,0,103259.18871999966,4094.6682169997075,6525.188792050085,103214.7685309009,103.62860544299838,2022.0533775523968,0.989093572999991,51.86877600135631,50.110194500121,50.14876810109854,50.9504481001568,1984,0,,crash,16,16,0,A-amo,101.61618337799882,1.3626059999999143,4.224864,5.429643,3.04067,3,suite-20260929T211306Z,,,,"{""acks_late"": false, ""concurrency"": 16, ""pool"": ""prefork"", ""prefetch"": 4, ""processes"": 1, ""producer"": ""sync"", ""system"": ""celery"", ""visibility_timeout"": 10}",103209.09335600118,4044.5556389995545,,,,6475.086731349711,103164.63909153077,,,,celery,2000,19.1452928611619,4.91518691588785,5.46,820.867072,worker-crash
1.9665,1985,1.9908275720008533,0,6675.41286100095,3808.3286689998204,6397.866486999555,6622.002071400494,7.312666984000316,3137.015115903448,0.6375487290006276,52.68466400048055,50.12355500002741,50.63782180077396,51.34893315989758,1985,0,,crash,15,15,0,A-amo,5.321839411999463,0.27236599999991995,2.727464,0.371554,0.310844,3,suite-20260929T211306Z,,,,"{""concurrency"": 16, ""mode"": ""fast"", ""processes"": 1, ""producer"": ""sync"", ""style"": ""sync"", ""system"": ""blitzq"", ""visibility_timeout"": 10}",6625.331590999849,3758.2067490002373,,,,6347.737433799921,6571.885198081073,,,,blitzq,2000,271.4467928517821,14.328846153846154,1.9,38.961152,worker-crash
1.996,1984,1.9815842949992657,0,6654.621973999383,3792.9368095001337,6373.015543549354,6601.1042593397,7.299183118999281,3101.4861602147357,0.6448521439997421,52.67417899995053,50.119436000386486,50.58493405012996,51.28347409023264,1984,0,,crash,16,16,0,A-amo,5.317598824000015,0.2758159999999634,2.71036,0.374159,0.311075,4,suite-20260929T211306Z,,,,"{""concurrency"": 16, ""mode"": ""fast"", ""processes"": 1, ""producer"": ""sync"", ""style"": ""sync"", ""system"": ""blitzq"", ""visibility_timeout"": 10}",6604.521417999422,3742.7924655003153,,,,6322.730902448984,6550.929178729057,,,,blitzq,2000,271.81123800494635,14.096153846153847,1.8699999999999999,38.87104,worker-crash
12.9175,1984,2.0144596909995016,0,103284.92320800069,4118.7003535005715,6533.7798096009465,103239.34695046944,103.64333493199956,1986.5767998907156,1.0067569500006357,52.68592799984617,50.11066900078731,50.15041849937916,50.65115373872689,1984,0,,crash,16,16,0,A-amo,101.62887524100006,1.3614800000000287,4.231872,5.429456,3.039397,4,suite-20260929T211306Z,,,,"{""acks_late"": false, ""concurrency"": 16, ""pool"": ""prefork"", ""prefetch"": 4, ""processes"": 1, ""producer"": ""sync"", ""system"": ""celery"", ""visibility_timeout"": 10}",103234.81406600149,4068.561108500944,,,,6483.659826200983,103189.23654147955,,,,celery,2000,19.14257198788232,4.87751756440281,5.42,820.482048,worker-crash
5.1486,5000,2.1362234609987354,0,5481.276336999144,2666.960477999055,5194.861694350857,5425.323491381006,7.199310462998255,2909.790633534018,1.7183366879999085,23.12046199949691,20.136299500336463,20.948446599686577,21.51541977034867,5000,0,6.0,interrupt,0,0,0,A-alo,5.06308700199952,0.6927479999999377,2.933584,2.014333,1.15322,0,suite-20260929T211306Z,,,,"{""concurrency"": 16, ""mode"": ""reliable"", ""processes"": 1, ""producer"": ""sync"", ""style"": ""sync"", ""system"": ""blitzq"", ""visibility_timeout"": 10}",5460.920651999913,2646.407250000266,,,,5174.5934695009055,5405.222925150157,,,,blitzq,5000,694.5109570837536,50.24848484848485,4.210000000000001,39.018496,redis-interruption
10.1972,5000,2.617143737999868,15,4450.112235999768,2274.641006500133,4228.772395899068,4406.477139859418,6.996846836998884,1962.6287637602304,2.547603547000108,21.173346000068705,20.10852400053409,20.13967129996672,20.161216189935658,5015,0,4.0,interrupt,0,0,0,A-alo,4.379703098999016,1.3037020000000439,5.89232,12.975489,5.790455,0,suite-20260929T211306Z,,,,"{""acks_late"": true, ""concurrency"": 16, ""pool"": ""prefork"", ""prefetch"": 4, ""processes"": 1, ""producer"": ""sync"", ""system"": ""celery"", ""visibility_timeout"": 10}",4429.961994999758,2254.5321835013965,,,,4208.668386548561,4386.342362239047,,,,celery,5000,714.6076106111565,85.36562500000004,7.0,821.399552,redis-interruption
10.1904,5000,2.628937584999221,16,4487.16033600067,2324.0462500007197,4268.032214849427,4437.796019500602,7.068454260999715,1936.6725078424558,2.5817478070002835,21.053686999948695,20.112060499741347,20.14981589954914,20.19310282968945,5016,0,4.0,interrupt,0,0,0,A-alo,4.439516676000494,1.3223720000000867,5.77264,12.966884,5.783598,1,suite-20260929T211306Z,,,,"{""acks_late"": true, ""concurrency"": 16, ""pool"": ""prefork"", ""prefetch"": 4, ""processes"": 1, ""producer"": ""sync"", ""system"": ""celery"", ""visibility_timeout"": 10}",4467.018377999921,2303.9361365008517,,,,4247.931962449275,4417.6915093511525,,,,celery,5000,707.3682329087934,85.72187500000004,7.029999999999999,819.900416,redis-interruption
5.4778,5000,2.0713014409993775,0,5214.860844000214,2548.364770500484,4927.716071050236,5155.475554339919,6.961066730998937,2862.6240346156683,1.7466492069997912,22.58426799926383,20.120937999308808,20.646708850108553,21.16174619035519,5000,0,6.0,interrupt,0,0,0,A-alo,4.889765289999559,0.7314010000000053,2.95192,2.105589,1.175977,1,suite-20260929T211306Z,,,,"{""concurrency"": 16, ""mode"": ""reliable"", ""processes"": 1, ""producer"": ""sync"", ""style"": ""sync"", ""system"": ""blitzq"", ""visibility_timeout"": 10}",5194.757147000928,2528.1516230006673,,,,4907.629656300924,5134.995048039327,,,,blitzq,5000,718.2807166226495,52.203125,4.24,38.539264,redis-interruption
5.1524,5000,2.0801706399997784,0,5436.698243000137,2643.6811724997824,5148.774880800738,5380.297096979466,7.199202582998623,2836.3379278384145,1.762836490999689,22.94780800002627,20.13349999924685,21.012381051059492,21.707822679545643,5000,0,6.0,interrupt,0,0,0,A-alo,5.119031942998845,0.6853089999999611,2.943344,2.015559,1.153586,2,suite-20260929T211306Z,,,,"{""concurrency"": 16, ""mode"": ""reliable"", ""processes"": 1, ""producer"": ""sync"", ""style"": ""sync"", ""system"": ""blitzq"", ""visibility_timeout"": 10}",5416.57568500159,2623.558067999511,,,,5128.475010999682,5359.946939129295,,,,blitzq,5000,694.5213643255184,49.760606060606065,4.17,38.621184,redis-interruption
10.1972,5000,2.5669449230008468,15,4536.764627999219,2313.465279500633,4309.639156599496,4492.589557610719,7.057894519000911,1982.0149120696537,2.522685359001116,20.56312300010177,20.112035499550984,20.14669399932245,20.186437499214662,5015,0,4.0,interrupt,0,0,0,A-alo,4.490949596000064,1.3131020000000717,5.910744,12.975098,5.790238,2,suite-20260929T211306Z,,,,"{""acks_late"": true, ""concurrency"": 16, ""pool"": ""prefork"", ""prefetch"": 4, ""processes"": 1, ""producer"": ""sync"", ""system"": ""celery"", ""visibility_timeout"": 10}",4516.6586739997,2293.3524435002255,,,,4289.510875000906,4472.445383789327,,,,celery,5000,708.4265692182349,84.89375000000004,6.96,817.74592,redis-interruption
10.1778,5000,2.6617761890011025,15,4425.2958619999845,2260.8322754995243,4207.958007650178,4383.446718729683,6.999300924000636,1941.596840054264,2.5751999060012167,21.098723000250175,20.10965449971991,20.141314000284183,20.1657216896092,5015,0,4.0,interrupt,0,0,0,A-alo,4.337524734999533,1.312230999999997,5.735512,12.953531,5.772645,3,suite-20260929T211306Z,,,,"{""acks_late"": true, ""concurrency"": 16, ""pool"": ""prefork"", ""prefetch"": 4, ""processes"": 1, ""producer"": ""sync"", ""system"": ""celery"", ""visibility_timeout"": 10}",4405.178015000274,2240.725766999276,,,,4187.8490434501155,4363.280941050016,,,,celery,5000,714.3570556960876,86.46250000000003,7.090000000000002,815.2064,redis-interruption
5.5892,5000,2.0846450429999095,0,5128.776011999435,2559.0861004993712,4878.242930600028,5076.832303980664,6.893655422998563,2832.533825925757,1.7652039859985962,22.493051999845193,20.119931500630628,20.556820699493983,21.044430929778173,5000,0,6.0,interrupt,0,0,0,A-alo,4.809010379998654,0.7511759999999867,2.95392,2.136091,1.184007,3,suite-20260929T211306Z,,,,"{""concurrency"": 16, ""mode"": ""reliable"", ""processes"": 1, ""producer"": ""sync"", ""style"": ""sync"", ""system"": ""blitzq"", ""visibility_timeout"": 10}",5108.6853810011235,2538.8819155004967,,,,4858.148063800219,5056.154822139561,,,,blitzq,5000,725.3046015788715,53.046875,4.31,38.572032,redis-interruption
4.8546,5000,2.2464713490007853,0,5796.227804999944,2947.5970539997434,5534.60310729879,5743.362960790473,7.51286824700037,2912.024740766585,1.7170183790003648,24.243211000793963,20.15449999998964,21.13512459964113,21.82161241024005,5000,0,6.0,interrupt,0,0,0,A-alo,5.266396897999584,0.6535120000000916,2.98824,1.931894,1.133013,4,suite-20260929T211306Z,,,,"{""concurrency"": 16, ""mode"": ""reliable"", ""processes"": 1, ""producer"": ""sync"", ""style"": ""sync"", ""system"": ""blitzq"", ""visibility_timeout"": 10}",5776.1176170006365,2927.2916375011846,,,,5514.476742599891,5723.213656119915,,,,blitzq,5000,665.5247816965682,47.84411764705882,4.13,39.563264,redis-interruption
10.1952,5000,2.6118495980008447,16,4427.224484999897,2268.249038999784,4206.521423249615,4378.301171808673,6.995266468000409,1946.0764835387906,2.5692720930001087,21.136969999133726,20.108270499804348,20.13948065105069,20.15795561937921,5016,0,4.0,interrupt,0,0,0,A-alo,4.383416869999564,1.3178960000000188,5.88416,12.972862,5.788189,4,suite-20260929T211306Z,,,,"{""acks_late"": true, ""concurrency"": 16, ""pool"": ""prefork"", ""prefetch"": 4, ""processes"": 1, ""producer"": ""sync"", ""system"": ""celery"", ""visibility_timeout"": 10}",4407.083051999507,2248.1449289998636,,,,4186.398386249857,4358.208417098815,,,,celery,5000,714.7690545988945,85.61875000000003,7.02,813.95712,redis-interruption
1.763,5000,2.076979625999229,0,5330.1331590009795,2551.095217000693,5055.428638650029,5272.774330220545,7.015084806000232,2964.390425427299,1.6866874070001359,23.366772998997476,20.119398999668192,20.968593098587007,21.691694610308332,5000,0,5.0,interrupt,0,0,0,A-amo,4.938105180001003,0.5231359999999086,2.8988,0.879789,0.621735,0,suite-20260929T211306Z,,,,"{""concurrency"": 16, ""mode"": ""fast"", ""processes"": 1, ""producer"": ""sync"", ""style"": ""sync"", ""system"": ""blitzq"", ""visibility_timeout"": 10}",5309.39223400128,2530.396513499909,,,,5035.319135900591,5252.452207248898,,,,blitzq,5000,712.7497583098833,41.478125,3.37,39.026688,redis-interruption
10.1836,5000,2.6592462160006107,0,4111.160655000276,2103.4797884994987,3910.4382767995958,4070.6489265693203,6.680108971000664,1945.8566666761,2.569562335000228,21.305448000930483,20.103988999835565,20.135841201226867,20.15604077007083,5000,0,4.0,interrupt,0,0,0,A-amo,4.020862755000053,1.3218879999999444,5.641152,12.972444,5.786776,0,suite-20260929T211306Z,,,,"{""acks_late"": false, ""concurrency"": 16, ""pool"": ""prefork"", ""prefetch"": 4, ""processes"": 1, ""producer"": ""sync"", ""system"": ""celery"", ""visibility_timeout"": 10}",4091.052578000017,2083.3637924997674,,,,3890.3027527500853,4050.5491650101976,,,,celery,5000,748.4907838638165,97.95333333333336,7.529999999999999,819.07712,redis-interruption
10.1822,5000,2.5944233869995514,0,4155.778935999479,2117.6561805004894,3954.0521520503717,4116.623135769059,6.6972493619996385,1966.9839679583267,2.541962761999457,21.144676000403706,20.103867999750946,20.133770350093982,20.151865439220273,5000,0,4.0,interrupt,0,0,0,A-amo,4.102825975000087,1.3283139999999776,5.810352,12.969671,5.785998,1,suite-20260929T211306Z,,,,"{""acks_late"": false, ""concurrency"": 16, ""pool"": ""prefork"", ""prefetch"": 4, ""processes"": 1, ""producer"": ""sync"", ""system"": ""celery"", ""visibility_timeout"": 10}",4135.682899999665,2097.522518000005,,,,3933.941196651176,4096.521989580233,,,,celery,5000,746.5751579103693,93.31935483870971,7.41,821.16608,redis-interruption
1.8452,5000,2.0714781430015137,0,5166.8227369991655,2620.800097999563,4910.9275326492025,5115.410029090908,6.851128201000392,2967.974978351719,1.6846503209999355,22.357449000992347,20.110361499973806,20.70469850086738,21.25726406893591,5000,0,5.0,interrupt,0,0,0,A-amo,4.779650057998879,0.5473109999999224,2.91052,0.897705,0.623218,1,suite-20260929T211306Z,,,,"{""concurrency"": 16, ""mode"": ""fast"", ""processes"": 1, ""producer"": ""sync"", ""style"": ""sync"", ""system"": ""blitzq"", ""visibility_timeout"": 10}",5146.727526000177,2600.5712200003472,,,,4890.504425000472,5095.320353590342,,,,blitzq,5000,729.8068074787897,40.74375,3.31,39.002112,redis-interruption
1.9422,5000,2.021511224000278,0,5016.392207000536,2468.1397704998744,4743.575727551342,4966.443839400763,6.6869525279998925,2992.3173013334667,1.670945791000122,22.384961001080228,20.104159500988317,20.44891845089296,21.00657965012943,5000,0,5.0,interrupt,0,0,0,A-amo,4.665441303999614,0.5706519999999955,2.861528,0.919089,0.623669,2,suite-20260929T211306Z,,,,"{""concurrency"": 16, ""mode"": ""fast"", ""processes"": 1, ""producer"": ""sync"", ""style"": ""sync"", ""system"": ""blitzq"", ""visibility_timeout"": 10}",4996.311359000174,2447.991727999579,,,,4722.557910350042,4946.282062290757,,,,blitzq,5000,747.7247638687111,40.66451612903226,3.1999999999999993,38.883328,redis-interruption
10.1842,5000,2.661591887999748,0,4124.69003499973,2101.4790879999055,3925.5049095489994,4086.1145481001586,6.696102404999692,1944.1054579041233,2.571876942000017,21.27023499997449,20.104188999539474,20.13393829965935,20.147178619681654,5000,0,4.0,interrupt,0,0,0,A-amo,4.034510516999944,1.332098999999971,5.622576,12.991752,5.797926,2,suite-20260929T211306Z,,,,"{""acks_late"": false, ""concurrency"": 16, ""pool"": ""prefork"", ""prefetch"": 4, ""processes"": 1, ""producer"": ""sync"", ""system"": ""celery"", ""visibility_timeout"": 10}",4104.557654000018,2081.3844179992884,,,,3905.402782999863,4066.0260695195216,,,,celery,5000,746.703036719796,93.52580645161294,7.43,812.285952,redis-interruption
10.1798,5000,2.6023457259998395,2,4129.094440000699,2112.211588999344,3928.4682415013776,4090.026654660033,6.6857440090007,1955.2953549292567,2.5571584300014365,21.443603000079747,20.10386100027972,20.133856200027367,20.14988268021625,5002,0,4.0,interrupt,0,0,0,A-amo,4.083398283000861,1.337081000000012,5.80208,12.986364,5.793512,3,suite-20260929T211306Z,,,,"{""acks_late"": false, ""concurrency"": 16, ""pool"": ""prefork"", ""prefetch"": 4, ""processes"": 1, ""producer"": ""sync"", ""system"": ""celery"", ""visibility_timeout"": 10}",4109.00170000059,2092.103330998725,,,,3908.370396401642,4069.934231579646,,,,celery,5000,747.8599230345549,94.42580645161293,7.500000000000001,814.231552,redis-interruption
1.7378,5000,2.1183834399998887,0,5420.257824000146,2593.1381405007414,5149.354746000245,5363.548502110334,7.100193411000873,2975.682509472688,1.680286786000579,23.327797000092687,20.123548999436025,21.08809415021824,21.790760959520412,5000,0,5.0,interrupt,0,0,0,A-amo,4.981809971000985,0.5162650000000895,2.902592,0.874145,0.622612,3,suite-20260929T211306Z,,,,"{""concurrency"": 16, ""mode"": ""fast"", ""processes"": 1, ""producer"": ""sync"", ""style"": ""sync"", ""system"": ""blitzq"", ""visibility_timeout"": 10}",5400.154097000268,2572.865409500082,,,,5128.61468625033,5343.442690300853,,,,blitzq,5000,704.2061688422624,40.21212121212121,3.37,38.559744,redis-interruption
1.8428,5000,2.0404248149989144,0,5213.78643099888,2494.7005399990303,4926.316604151361,5154.578972129931,6.887118324999392,2987.0056591521275,1.6739171499993972,23.51782400000957,20.112331999371236,20.87259480085777,21.62612267089571,5000,0,5.0,interrupt,0,0,0,A-amo,4.8466935100004775,0.5380329999999276,2.862968,0.897278,0.62324,4,suite-20260929T211306Z,,,,"{""concurrency"": 16, ""mode"": ""fast"", ""processes"": 1, ""producer"": ""sync"", ""style"": ""sync"", ""system"": ""blitzq"", ""visibility_timeout"": 10}",5193.638785000076,2474.5901369997227,,,,4905.870713750755,5134.131588879936,,,,blitzq,5000,725.9930444131642,39.990625,3.25,39.120896,redis-interruption
10.1812,5000,2.606798989998424,0,4130.915117999393,2108.6539590005486,3928.7196738494463,4090.2388104006063,6.6782415459983895,1962.274028305221,2.5480640969999513,21.36507900104334,20.103711501178623,20.13425205122985,20.149851318783476,5000,0,4.0,interrupt,0,0,0,A-amo,4.071442555999965,1.3289150000000518,5.781576,12.989251,5.794392,4,suite-20260929T211306Z,,,,"{""acks_late"": false, ""concurrency"": 16, ""pool"": ""prefork"", ""prefetch"": 4, ""processes"": 1, ""producer"": ""sync"", ""system"": ""celery"", ""visibility_timeout"": 10}",4110.827128999517,2088.553708499603,,,,3908.619932149577,4070.1285428406663,,,,celery,5000,748.7000830324872,97.71000000000004,7.510000000000001,815.214592,redis-interruption
5.3187,10000,,0,12.417849000485148,1.9068180008616764,2.508005000072444,2.7973410302547568,3.5798347649997595,2794.7043534000395,3.578196021999247,0.11629400069068652,0.0016230005712714046,0.0025249992177123204,0.0027850001060869545,10000,0,,results,0,0,0,A-alo,,1.0378809999999703,6.65092,6.70047,2.267598,0,suite-20260929T211306Z,,,,"{""concurrency"": 16, ""mode"": ""reliable"", ""processes"": 1, ""producer"": ""sync"", ""style"": ""sync"", ""system"": ""blitzq"", ""visibility_timeout"": 10}",12.413300999469357,1.9053490004807827,,,,2.5061889989046904,2.795662321113923,,,,blitzq,10000,2793.425019995489,82.93157894736842,4.0,38.64576,result-storage
17.0153,10000,,0,3459.2853039994225,1778.8471229996503,3304.131681649323,3430.5895341501127,9.952031876000547,1540.0140486579671,6.493447257000298,0.04333300057624001,0.0016329995560226962,0.002634998963912949,0.003728090596268887,10000,0,,results,0,0,0,A-alo,,3.907260000000065,8.623816,33.372233,13.327293,0,suite-20260929T211306Z,,,,"{""acks_late"": true, ""concurrency"": 16, ""pool"": ""prefork"", ""prefetch"": 4, ""processes"": 1, ""producer"": ""sync"", ""system"": ""celery"", ""visibility_timeout"": 10}",3459.2839409997396,1778.8452599997981,,,,3304.1301621495218,3430.5875980396377,,,,celery,10000,1004.8199327129497,121.2604651162791,13.36,809.046016,result-storage
17.0156,10000,,0,3491.99375399985,1794.1682945001958,3324.341295499289,3453.4727799000398,9.975316055000803,1542.274231366215,6.483931194999968,0.04772200009028893,0.0017130005289800465,0.0026950001483783126,0.004008089454146104,10000,0,,results,0,0,0,A-alo,,3.9111109999998916,8.61716,33.371974,13.328617,1,suite-20260929T211306Z,,,,"{""acks_late"": true, ""concurrency"": 16, ""pool"": ""prefork"", ""prefetch"": 4, ""processes"": 1, ""producer"": ""sync"", ""system"": ""celery"", ""visibility_timeout"": 10}",3491.9916700000613,1794.1658849995292,,,,3324.3393215494507,3453.4706571896645,,,,celery,10000,1002.4745025484002,118.9090909090909,13.399999999999999,808.988672,result-storage
5.3361,10000,,0,12.658585999815841,1.903567500448844,2.5280842501160805,2.850645310063556,3.6257344969999394,2759.6768617634975,3.623612655001125,0.03523800114635378,0.001663000148255378,0.0026249999791616574,0.0029450102192640775,10000,0,,results,0,0,0,A-alo,,1.055716000000075,6.661504,6.709189,2.269916,1,suite-20260929T211306Z,,,,"{""concurrency"": 16, ""mode"": ""reliable"", ""processes"": 1, ""producer"": ""sync"", ""style"": ""sync"", ""system"": ""blitzq"", ""visibility_timeout"": 10}",12.653886999032693,1.901484000882192,,,,2.525997099928645,2.848672910022288,,,,blitzq,10000,2758.061851543281,83.98421052631579,4.05,38.703104,result-storage
5.324,10000,,0,13.011766999625252,1.907964999190881,2.531462699062103,2.861037928905717,3.6176557110011345,2765.3899645459446,3.6161265240007197,0.04977600110578351,0.001668499862716999,0.002644999767653644,0.0030360988239408492,10000,0,,results,0,0,0,A-alo,,1.0522490000000744,6.63772,6.704428,2.268626,2,suite-20260929T211306Z,,,,"{""concurrency"": 16, ""mode"": ""reliable"", ""processes"": 1, ""producer"": ""sync"", ""style"": ""sync"", ""system"": ""blitzq"", ""visibility_timeout"": 10}",13.007077999645844,1.9061994998992304,,,,2.5293696994594934,2.859053129868699,,,,blitzq,10000,2764.2210312027296,83.7578947368421,4.04,38.7072,result-storage
17.0152,10000,,0,3469.8515540003427,1785.5206794993137,3305.7323112494482,3437.4700271285296,9.94729458599977,1543.6825297411117,6.478015917999073,0.06173899964778684,0.001663000148255378,0.002574999598436989,0.0038269990909611806,10000,0,,results,0,0,0,A-alo,,3.896297000000004,8.592664,33.371684,13.326989,2,suite-20260929T211306Z,,,,"{""acks_late"": true, ""concurrency"": 16, ""pool"": ""prefork"", ""prefetch"": 4, ""processes"": 1, ""producer"": ""sync"", ""system"": ""celery"", ""visibility_timeout"": 10}",3469.850020999729,1785.5183854999268,,,,3305.7302282505584,3437.468398819765,,,,celery,10000,1005.2984671907083,121.19534883720931,13.35,808.828928,result-storage
17.0155,10000,,0,3549.1483219993825,1818.4352340003898,3377.594256699376,3510.7105586698344,10.033437981999668,1542.0544662954,6.484855249000248,0.06873199890833348,0.001903999873320572,0.0030259998311521485,0.004128099990339253,10000,0,,results,0,0,0,A-alo,,3.923121999999921,8.633824,33.371831,13.328627,3,suite-20260929T211306Z,,,,"{""acks_late"": true, ""concurrency"": 16, ""pool"": ""prefork"", ""prefetch"": 4, ""processes"": 1, ""producer"": ""sync"", ""system"": ""celery"", ""visibility_timeout"": 10}",3549.146708999615,1818.43359100003,,,,3377.59280969949,3510.708430191026,,,,celery,10000,996.6673455240709,119.93181818181819,13.52,810.278912,result-storage
5.324,10000,,0,12.917239999296726,1.9010954993063933,2.514026999142515,2.7984954989915427,3.5925756480010023,2784.8050693765344,3.5909156119996624,0.046208999265218154,0.0016530011635040864,0.002615000994410366,0.00291600008495152,10000,0,,results,0,0,0,A-alo,,1.048808999999892,6.648352,6.703089,2.268329,3,suite-20260929T211306Z,,,,"{""concurrency"": 16, ""mode"": ""reliable"", ""processes"": 1, ""producer"": ""sync"", ""style"": ""sync"", ""system"": ""blitzq"", ""visibility_timeout"": 10}",12.912019999930635,1.8994245010617306,,,,2.512723100699077,2.7956828000969836,,,,blitzq,10000,2783.5182832028177,83.36315789473684,4.02,38.85056,result-storage
5.318,10000,,0,13.734350000959239,1.9110149996777182,2.5164722983390675,2.7985563305446703,3.5873213289996784,2788.825574723975,3.585738775000209,0.026871999580180272,0.0015929999790387228,0.0025249993086617906,0.0027850001060869545,10000,0,,results,0,0,0,A-alo,,1.0434000000000196,6.672192,6.700457,2.267623,4,suite-20260929T211306Z,,,,"{""concurrency"": 16, ""mode"": ""reliable"", ""processes"": 1, ""producer"": ""sync"", ""style"": ""sync"", ""system"": ""blitzq"", ""visibility_timeout"": 10}",13.729992000662605,1.9094774997938657,,,,2.513046599233348,2.7970944201115344,,,,blitzq,10000,2787.5952787280676,83.15263157894738,4.010000000000001,38.85056,result-storage
17.0156,10000,,0,3482.4359790000017,1800.1948499995706,3313.7885909497522,3448.073172141394,10.021563824000623,1529.0842876856439,6.539861851000751,0.04990600064047612,0.0017130005289800465,0.0026350007829023525,0.003998000465799123,10000,0,,results,0,0,0,A-alo,,3.929917000000046,8.624624,33.371737,13.328613,4,suite-20260929T211306Z,,,,"{""acks_late"": true, ""concurrency"": 16, ""pool"": ""prefork"", ""prefetch"": 4, ""processes"": 1, ""producer"": ""sync"", ""system"": ""celery"", ""visibility_timeout"": 10}",3482.434535999346,1800.1926000006279,,,,3313.7871094494585,3448.0715103412335,,,,celery,10000,997.8482575794229,119.43409090909091,13.46,810.979328,result-storage
4.043,10000,,0,125.70345200037991,74.90449950000766,119.12046885008749,124.37070000967651,0.20804479800062836,104100.63975152226,0.09606088900000032,0.035597999158198945,0.000490999809699133,0.0010425007531011871,0.0025753996123967313,10000,0,,results,0,0,0,B-alo,,0.1540660000000571,6.93684,6.021822,2.185894,0,suite-20260929T211306Z,,,,"{""concurrency"": 200, ""mode"": ""reliable"", ""processes"": 4, ""producer"": ""batch"", ""producers"": 4, ""style"": ""async"", ""system"": ""blitzq"", ""visibility_timeout"": 10}",125.7030010001472,74.90398849949997,,,,119.12000735082984,124.37020920986471,,,,blitzq,10000,48066.57073910494,50.76666666666667,0.8099999999999998,155.332608,result-storage
17.0126,10000,,0,1254.7909969998727,855.1302529995155,1235.933601049419,1252.9682967406188,3.6289923310014274,4142.827798083092,2.4138102010001603,0.11507099952723365,0.0024450000637443736,0.004318000719649717,0.005309999323799275,10000,0,,results,0,0,0,B-alo,,3.2233430000001135,9.635416,33.371797,13.290609,0,suite-20260929T211306Z,,,,"{""acks_late"": true, ""concurrency"": 8, ""pool"": ""prefork"", ""prefetch"": 4, ""processes"": 4, ""producer"": ""sync"", ""producers"": 4, ""system"": ""celery"", ""visibility_timeout"": 10}",1254.7883619990898,855.1263654999275,,,,1235.931778000122,1252.9660963402785,,,,celery,10000,2755.585872853162,344.9222222222222,17.16,1736.531968,result-storage
17.0126,10000,,0,1315.8494369999971,903.7631725013853,1292.9687252499207,1314.7526250604824,3.638905027999499,4242.9453931228245,2.3568533349989593,0.07781899876135867,0.002644999767653644,0.004468049974093446,0.005310011129040504,10000,0,,results,0,0,0,B-alo,,3.222466000000054,9.732672,33.372306,13.291072,1,suite-20260929T211306Z,,,,"{""acks_late"": true, ""concurrency"": 8, ""pool"": ""prefork"", ""prefetch"": 4, ""processes"": 4, ""producer"": ""sync"", ""producers"": 4, ""system"": ""celery"", ""visibility_timeout"": 10}",1315.8461500006524,903.759851000359,,,,1292.9668096998284,1314.7509716209242,,,,celery,10000,2748.0794148391215,345.1666666666667,17.14,1741.135872,result-storage
4.0434,10000,,0,98.52300900092814,63.83689350059285,94.61901419936112,96.08464259956236,0.21070220999899902,74891.8542910813,0.133525869998266,0.026199999410891905,0.0005109995981911197,0.0010519998795643914,0.0028461899091780695,10000,0,,results,0,0,0,B-alo,,0.1559229999999161,6.97836,6.021432,2.185468,1,suite-20260929T211306Z,,,,"{""concurrency"": 200, ""mode"": ""reliable"", ""processes"": 4, ""producer"": ""batch"", ""producers"": 4, ""style"": ""async"", ""system"": ""blitzq"", ""visibility_timeout"": 10}",98.5225080003147,63.836276999609254,,,,94.61853920010981,96.08421149912829,,,,blitzq,10000,47460.34699895889,51.43333333333333,0.8199999999999997,155.148288,result-storage
4.0427,10000,,0,132.16520800051512,81.88049650016183,125.87922750071809,131.58707651095028,0.197089663000952,132191.26775453,0.07564796200131241,0.037181000152486376,0.000490999809699133,0.0009309988854511175,0.0026051983877550854,10000,0,,results,0,0,0,B-alo,,0.14656999999999698,6.934216,6.021335,2.185442,2,suite-20260929T211306Z,,,,"{""concurrency"": 200, ""mode"": ""reliable"", ""processes"": 4, ""producer"": ""batch"", ""producers"": 4, ""style"": ""async"", ""system"": ""blitzq"", ""visibility_timeout"": 10}",132.16473700049391,81.88003050054249,,,,125.87870545066832,131.5865660113377,,,,blitzq,10000,50738.32816869598,47.833333333333336,0.7599999999999998,155.533312,result-storage
17.0125,10000,,0,1270.1932069994655,866.7646764988604,1259.9379185496218,1268.712658869208,3.638364307000302,4199.22608700145,2.3813911879988154,0.04438500036485493,0.0026350007829023525,0.004568999429466203,0.005520998474821681,10000,0,,results,0,0,0,B-alo,,3.2253959999999324,9.634568,33.371891,13.29075,2,suite-20260929T211306Z,,,,"{""acks_late"": true, ""concurrency"": 8, ""pool"": ""prefork"", ""prefetch"": 4, ""processes"": 4, ""producer"": ""sync"", ""producers"": 4, ""system"": ""celery"", ""visibility_timeout"": 10}",1270.191153000269,866.7611695000232,,,,1259.9340432991085,1268.7108805688695,,,,celery,10000,2748.4878248062614,345.34444444444443,17.18,1734.565888,result-storage
17.0125,10000,,0,1347.3692650004523,871.6069394995429,1326.4758497511139,1345.4851515905102,3.7122188940011256,4194.822254210721,2.383891233999748,0.34148499980801716,0.0028449994715629146,0.004579000233206898,0.005371090937842384,10000,0,,results,0,0,0,B-alo,,3.243274000000042,9.739728,33.371987,13.290821,3,suite-20260929T211306Z,,,,"{""acks_late"": true, ""concurrency"": 8, ""pool"": ""prefork"", ""prefetch"": 4, ""processes"": 4, ""producer"": ""sync"", ""producers"": 4, ""system"": ""celery"", ""visibility_timeout"": 10}",1347.3666499994579,871.6036229989186,,,,1326.4736747003553,1345.4829109713864,,,,celery,10000,2693.806665377359,356.06111111111113,17.79,1736.953856,result-storage
4.0439,10000,,0,142.1744880008191,85.30855600020004,129.22620034978462,137.07421102053559,0.20193502700021781,132674.618006088,0.07537236700045469,0.03925600140064489,0.0004910016286885366,0.0009319992386735976,0.0023841102483856983,10000,0,,results,0,0,0,B-alo,,0.14461400000004687,6.953104,6.021727,2.185714,3,suite-20260929T211306Z,,,,"{""concurrency"": 200, ""mode"": ""reliable"", ""processes"": 4, ""producer"": ""batch"", ""producers"": 4, ""style"": ""async"", ""system"": ""blitzq"", ""visibility_timeout"": 10}",142.1740370005864,85.30807500028459,,,,129.22575929906017,137.0737396205186,,,,blitzq,10000,49520.878812120165,48.06666666666667,0.76,155.36128,result-storage
4.0442,10000,,0,125.26147699827561,83.2386049996785,119.48165864969269,121.80553694046468,0.19995488700078567,103606.96779478065,0.09651860500162002,0.5572160007432103,0.0005010006134398282,0.0009524507731839484,0.002404100050625859,10000,0,,results,0,0,0,B-alo,,0.14805899999998928,6.958816,6.0215,2.184053,4,suite-20260929T211306Z,,,,"{""concurrency"": 200, ""mode"": ""reliable"", ""processes"": 4, ""producer"": ""batch"", ""producers"": 4, ""style"": ""async"", ""system"": ""blitzq"", ""visibility_timeout"": 10}",125.2601339983812,83.23811899936118,,,,119.48110815046675,121.80505553007606,,,,blitzq,10000,50011.28079435592,57.93999999999998,0.77,155.303936,result-storage
17.0125,10000,,0,1324.2952269993111,900.5230605007455,1302.5938284004042,1322.0836394794605,3.6677898990001268,4217.0382733918095,2.3713325210010225,0.4055480003444245,0.0025650006136856973,0.0044289990910328925,0.0052699997468153015,10000,0,,results,0,0,0,B-alo,,3.210563000000093,9.732368,33.371654,13.290717,4,suite-20260929T211306Z,,,,"{""acks_late"": true, ""concurrency"": 8, ""pool"": ""prefork"", ""prefetch"": 4, ""processes"": 4, ""producer"": ""sync"", ""producers"": 4, ""system"": ""celery"", ""visibility_timeout"": 10}",1324.2920509983378,900.5208509997829,,,,1302.5921998998456,1322.0815393706653,,,,celery,10000,2726.4375210603234,351.79999999999995,17.48,1743.044608,result-storage
