broker_cmds_per_task,completed,disrupted_at_s,duplicates,e2e_max_ms,e2e_p50_ms,e2e_p95_ms,e2e_p99_ms,elapsed_seconds,enqueue_rate,enqueue_seconds,exec_max_ms,exec_p50_ms,exec_p95_ms,exec_p99_ms,executions,failed_attempts,kind,lost,not_completed,outstanding,profile,recovery_seconds,redis_cpu_seconds,redis_mem_peak_mb,redis_net_in_mb,redis_net_out_mb,rep,run_dir,sched_lateness_p50_ms,sched_lateness_p95_ms,sched_lateness_p99_ms,settings,start_max_ms,start_p50_ms,start_p50_ms[bulk],start_p50_ms[normal],start_p50_ms[urgent],start_p95_ms,start_p99_ms,start_p99_ms[bulk],start_p99_ms[normal],start_p99_ms[urgent],system,tasks,throughput,worker_cpu_pct_mean,worker_cpu_seconds,worker_rss_peak_mb,workload
1.81755,20000,,0,13.447457999063772,1.1630904991761781,1.5406845001052711,1.7764627198448562,7.068662736999613,2829.7927461239233,7.067655405999176,0.06904200017743278,0.0017829988792072982,0.002474998836987652,0.0030361006247403405,20000,0,noop,0,0,0,A-amo,,1.7180180000000291,2.574264,3.598785,2.317066,0,huey_suite-20260930T050203Z,,,,"{""concurrency"": 16, ""mode"": ""fast"", ""processes"": 1, ""producer"": ""sync"", ""style"": ""sync"", ""system"": ""blitzq"", ""visibility_timeout"": 10}",13.443190000543837,1.1612894986683386,,,,1.538861300468852,1.775471700220805,,,,blitzq,20000,2829.3894820181026,98.88787878787879,8.2,38.735872,noop
4.0121,20000,,0,9627.134758999091,4969.832804500584,9165.024770100717,9534.87797825077,13.394755811999858,5307.266874648903,3.768417995999698,0.0438130009570159,0.000922000253922306,0.0014830002328380942,0.0023940010578371584,20000,0,noop,0,0,0,A-amo,,3.395199000000048,5.248872,9.508704,4.57692,0,huey_suite-20260930T050203Z,,,,"{""concurrency"": 16, ""processes"": 1, ""producer"": ""sync"", ""system"": ""huey"", ""visibility_timeout"": 10, ""worker_type"": ""thread""}",9627.133867999873,4969.831628000975,,,,9165.023815049608,9534.877086051092,,,,huey,20000,1493.1216575133644,138.76379310344828,20.220000000000002,42.917888,noop
4.01195,20000,,0,9679.285370000798,4848.4227344997635,9201.83678059866,9584.247986078988,13.301703470000575,5520.331110916351,3.622971086000689,0.03763799941225443,0.0008820006769383326,0.0013520002539735287,0.0020139996195212007,20000,0,noop,0,0,0,A-amo,,3.3343929999999773,5.27432,9.508593,4.575456,1,huey_suite-20260930T050203Z,,,,"{""concurrency"": 16, ""processes"": 1, ""producer"": ""sync"", ""system"": ""huey"", ""visibility_timeout"": 10, ""worker_type"": ""thread""}",9679.284488000121,4848.421917499763,,,,9201.83585804998,9584.247105268767,,,,huey,20000,1503.5668209794437,140.71403508771928,20.150000000000002,43.053056,noop
1.80885,20000,,0,13.575941999079078,1.171135500044329,1.5350440999100101,1.7471202591150339,7.000997630000711,2857.14390081625,6.999997443001121,0.03211700095562264,0.0017729998944560066,0.0024439996195724234,0.0026950001483783126,20000,0,noop,0,0,0,A-amo,,1.7086709999998675,2.585264,3.590881,2.31539,1,huey_suite-20260930T050203Z,,,,"{""concurrency"": 16, ""mode"": ""fast"", ""processes"": 1, ""producer"": ""sync"", ""style"": ""sync"", ""system"": ""blitzq"", ""visibility_timeout"": 10}",13.57175399971311,1.1693705000652699,,,,1.5332570492319064,1.7450514399570236,,,,blitzq,20000,2856.7357192489108,97.81515151515151,8.11,38.752256,noop
1.8224,20000,,0,13.026793001699843,1.1603040002228227,1.5211923012429907,1.7255792398827903,7.013802362000206,2851.9407932805616,7.01276830399911,0.029610999263240956,0.0017929996829479933,0.0024649998522363603,0.002664999574335525,20000,0,noop,0,0,0,A-amo,,1.711667000000034,2.561768,3.603207,2.317889,2,huey_suite-20260930T050203Z,,,,"{""concurrency"": 16, ""mode"": ""fast"", ""processes"": 1, ""producer"": ""sync"", ""style"": ""sync"", ""system"": ""blitzq"", ""visibility_timeout"": 10}",13.022434000959038,1.1584584999582148,,,,1.5192437005680401,1.7237790989202035,,,,blitzq,20000,2851.5203263150365,98.07272727272728,8.13,38.62528,noop
4.0121,20000,,0,9710.708745000375,4867.23275499935,9226.2678742989,9612.063816219943,13.33822380699894,5512.400659729079,3.6281832969998504,0.056938999478006735,0.0009120012691710144,0.0014030010788701475,0.0020939987916790415,20000,0,noop,0,0,0,A-amo,,3.339044000000058,5.28088,9.508701,4.577039,2,huey_suite-20260930T050203Z,,,,"{""concurrency"": 16, ""processes"": 1, ""producer"": ""sync"", ""system"": ""huey"", ""visibility_timeout"": 10, ""worker_type"": ""thread""}",9710.707804000776,4867.231693498979,,,,9226.267003348948,9612.062925730279,,,,huey,20000,1499.4500234360619,138.43275862068967,20.17,42.909696,noop
4.0121,20000,,0,9749.00263500058,4864.144554499944,9262.714880499607,9653.340864360014,13.367719636000402,5525.184395065444,3.6197886930003733,0.04100799924344756,0.0008719998731976375,0.0013230001059127972,0.0019529998098732904,20000,0,noop,0,0,0,A-amo,,3.325853000000052,5.260544,9.508703,4.577009,3,huey_suite-20260930T050203Z,,,,"{""concurrency"": 16, ""processes"": 1, ""producer"": ""sync"", ""system"": ""huey"", ""visibility_timeout"": 10, ""worker_type"": ""thread""}",9749.001553000198,4864.143697500367,,,,9262.714030049574,9653.339964059995,,,,huey,20000,1496.1414919369124,139.11206896551724,20.27,43.012096,noop
1.8069,20000,,0,12.630937000722042,1.1770769997383468,1.5463488012755988,1.7831902804209676,7.025309718999779,2847.186344520637,7.024478758999976,0.04950499896949623,0.0018030004866886884,0.0025049994292203337,0.002835000486811623,20000,0,noop,0,0,0,A-amo,,1.7133740000000444,2.572784,3.589161,2.315566,3,huey_suite-20260930T050203Z,,,,"{""concurrency"": 16, ""mode"": ""fast"", ""processes"": 1, ""producer"": ""sync"", ""style"": ""sync"", ""system"": ""blitzq"", ""visibility_timeout"": 10}",12.62608800061571,1.1751939991881954,,,,1.5444536000359221,1.7809793801643534,,,,blitzq,20000,2846.8495767397253,98.2969696969697,8.15,38.801408,noop
1.81445,20000,,0,12.45037599983334,1.1794775000453228,1.539491049697972,1.7607136993865422,7.07405097300034,2827.59433996495,7.073150386999259,0.06006600051478017,0.0017929996829479933,0.002474998836987652,0.0027549995138542727,20000,0,noop,0,0,0,A-amo,,1.7224459999999908,2.570752,3.59598,2.316374,4,huey_suite-20260930T050203Z,,,,"{""concurrency"": 16, ""mode"": ""fast"", ""processes"": 1, ""producer"": ""sync"", ""style"": ""sync"", ""system"": ""blitzq"", ""visibility_timeout"": 10}",12.446168000678881,1.177650498902949,,,,1.537404100963613,1.7593342099098657,,,,blitzq,20000,2827.2343634975728,98.9030303030303,8.2,38.621184,noop
4.012,20000,,0,9677.078639000683,4841.3865225002155,9198.72250360113,9580.5133115283,13.301385202999882,5517.217340985538,3.6250157939994097,0.19599400002334733,0.0008810002327663824,0.001332000465481542,0.001993999831029214,20000,0,noop,0,0,0,A-amo,,3.330257999999958,5.257952,9.508606,4.575438,4,huey_suite-20260930T050203Z,,,,"{""concurrency"": 16, ""processes"": 1, ""producer"": ""sync"", ""system"": ""huey"", ""visibility_timeout"": 10, ""worker_type"": ""thread""}",9677.077827000176,4841.385330000776,,,,9198.721691601077,9580.512478839808,,,,huey,20000,1503.6027973604862,140.51929824561404,20.12,42.897408,noop
1.019,20000,,0,51.02762499882374,27.425086999755877,44.29846789998919,48.58037671989222,0.13748111899985815,200812.92283896235,0.09959518400137313,0.48791100016387645,0.000490999809699133,0.000922000253922306,0.0017330003174720332,20000,0,noop,0,0,0,B-amo,,0.07058699999993223,3.409648,2.877222,2.435372,0,huey_suite-20260930T050203Z,,,,"{""concurrency"": 200, ""mode"": ""fast"", ""processes"": 4, ""producer"": ""batch"", ""producers"": 4, ""style"": ""async"", ""system"": ""blitzq"", ""visibility_timeout"": 10}",51.02694400011387,27.42451049925876,,,,44.29739650004194,48.57990531987525,,,,blitzq,20000,145474.52148698785,34.199999999999996,0.5199999999999998,157.466624,noop
4.0089,20000,,0,1313.2319989999814,572.9341605001537,1227.587761599716,1298.3869621398117,3.285550773000068,10122.768782893838,1.9757440310004313,0.15650900058972184,0.001321999661740847,0.002133998350473121,0.002595001205918379,20000,0,noop,0,0,0,B-amo,,2.6512559999999894,5.373344,9.50716,4.506901,0,huey_suite-20260930T050203Z,,,,"{""concurrency"": 16, ""processes"": 4, ""producers"": 4, ""system"": ""huey"", ""visibility_timeout"": 10, ""worker_type"": ""thread""}",1313.230346000637,572.932807500365,,,,1227.5866981000945,1298.3856572512923,,,,huey,20000,6087.259452617683,395.56666666666666,18.089999999999996,171.896832,noop
4.0089,20000,,0,1402.3379740010569,671.9755565000014,1325.2914539000813,1387.9240065099839,3.3357888830014417,10307.8658222161,1.9402658460003295,0.17803099945012946,0.0013419994502328336,0.0021739997464464977,0.00265599921476678,20000,0,noop,0,0,0,B-amo,,2.659772999999973,5.49136,9.507159,4.508606,1,huey_suite-20260930T050203Z,,,,"{""concurrency"": 16, ""processes"": 4, ""producers"": 4, ""system"": ""huey"", ""visibility_timeout"": 10, ""worker_type"": ""thread""}",1402.3367010013317,671.973898500255,,,,1325.2903334001528,1387.922459919573,,,,huey,20000,5995.583264251605,403.05555555555554,18.44,171.9296,noop
1.02345,20000,,0,27.427082999565755,11.234793500079832,22.863353249249485,26.09011714961525,0.18157721500028856,111179.06437343836,0.17988998299915693,0.041629999032011256,0.000490999809699133,0.0010019994078902528,0.0022740105123375525,20000,0,noop,0,0,0,B-amo,,0.06969500000002427,2.950536,2.881393,2.417169,1,huey_suite-20260930T050203Z,,,,"{""concurrency"": 200, ""mode"": ""fast"", ""processes"": 4, ""producer"": ""batch"", ""producers"": 4, ""style"": ""async"", ""system"": ""blitzq"", ""visibility_timeout"": 10}",27.42641199984064,11.233891500523896,,,,22.862853750393697,26.089485359043465,,,,blitzq,20000,110145.97839254345,36.31666666666667,0.5499999999999996,157.12256,noop
1.02135,20000,,0,26.709895000749384,11.214804499104503,23.68180254889012,25.423067610263388,0.15815032799946493,126967.3342437809,0.15752083100051095,0.07282399928953964,0.0004899993655271828,0.0009619998309062794,0.0018430100681143795,20000,0,noop,0,0,0,B-amo,,0.06548500000008062,2.983,2.87944,2.419828,2,huey_suite-20260930T050203Z,,,,"{""concurrency"": 200, ""mode"": ""fast"", ""processes"": 4, ""producer"": ""batch"", ""producers"": 4, ""style"": ""async"", ""system"": ""blitzq"", ""visibility_timeout"": 10}",26.709194000432035,11.21433349999279,,,,23.681351048708166,25.422524788718874,,,,blitzq,20000,126461.95713275831,34.916666666666664,0.5299999999999998,156.307456,noop
4.0089,20000,,0,1388.9380210002855,619.0277039995635,1310.04667185025,1374.5304084093368,3.3084480180004903,10350.060035857347,1.9323559410004236,0.28033600028720684,0.001353000698145479,0.0022240001271711662,0.0027449987283034716,20000,0,noop,0,0,0,B-amo,,2.6278290000000197,5.50168,9.507159,4.509226,2,huey_suite-20260930T050203Z,,,,"{""concurrency"": 16, ""processes"": 4, ""producers"": 4, ""system"": ""huey"", ""visibility_timeout"": 10, ""worker_type"": ""thread""}",1388.9370689994394,619.0265669993096,,,,1310.0456383000162,1374.529192099435,,,,huey,20000,6045.130493568189,402.65555555555557,18.42,171.757568,noop
4.00885,20000,,0,1398.5586559992953,643.861432000449,1313.9353009011757,1376.1900338392477,3.3254991510002583,10347.221874474599,1.9328859710003599,0.13298399971972685,0.0013030003174208105,0.0021039996681793127,0.002554999809945002,20000,0,noop,0,0,0,B-amo,,2.646904000000177,5.475664,9.507146,4.509175,3,huey_suite-20260930T050203Z,,,,"{""concurrency"": 16, ""processes"": 4, ""producers"": 4, ""system"": ""huey"", ""visibility_timeout"": 10, ""worker_type"": ""thread""}",1398.5576039995067,643.8603400001739,,,,1313.9343699009257,1376.1882467591201,,,,huey,20000,6014.134748458532,403.31666666666666,18.46,171.933696,noop
1.01895,20000,,0,51.89194000013231,27.2471600001154,47.677148749244225,50.69904830994346,0.14273974699972314,166538.67752947842,0.12009222300002875,0.04185599937045481,0.0005010006134398282,0.0009119994501816109,0.001745090175973004,20000,0,noop,0,0,0,B-amo,,0.06656699999996363,3.329744,2.877216,2.432753,3,huey_suite-20260930T050203Z,,,,"{""concurrency"": 200, ""mode"": ""fast"", ""processes"": 4, ""producer"": ""batch"", ""producers"": 4, ""style"": ""async"", ""system"": ""blitzq"", ""visibility_timeout"": 10}",51.891498998884344,27.246289499998966,,,,47.67652329946941,50.69845118936427,,,,blitzq,20000,140115.1425610891,35.6,0.5399999999999997,156.073984,noop
1.02295,20000,,0,31.891082999209175,10.148434500479198,22.7743218489195,30.22862706986416,0.17824261900022975,112639.12149386841,0.17755820300044434,0.029998000172781758,0.0005009987944504246,0.000981999619398266,0.001914090662467046,20000,0,noop,0,0,0,B-amo,,0.07218200000011166,2.949472,2.880926,2.416589,4,huey_suite-20260930T050203Z,,,,"{""concurrency"": 200, ""mode"": ""fast"", ""processes"": 4, ""producer"": ""batch"", ""producers"": 4, ""style"": ""async"", ""system"": ""blitzq"", ""visibility_timeout"": 10}",31.890420999843627,10.147690000849252,,,,22.773812849300157,30.227905059764453,,,,blitzq,20000,112206.60980062361,35.63333333333333,0.5399999999999996,157.036544,noop
4.00885,20000,,0,1277.1611769985611,509.0231820004192,1190.0170669011459,1258.3841912293974,3.32011976800095,9761.397547486213,2.0488869450000493,0.14830700092716143,0.001321999661740847,0.0021939995349384844,0.0026549987705948297,20000,0,noop,0,0,0,B-amo,,2.712982000000011,5.293312,9.507145,4.502518,4,huey_suite-20260930T050203Z,,,,"{""concurrency"": 16, ""processes"": 4, ""producers"": 4, ""system"": ""huey"", ""visibility_timeout"": 10, ""worker_type"": ""thread""}",1277.160144998561,509.0219394996893,,,,1190.0150520011266,1258.3824151390581,,,,huey,20000,6023.8790759172025,388.9555555555555,17.81,172.19584,noop
0.16495,20000,,0,,,,,2.7519806359996437,3219.2150998689,6.212694517000273,0.719433999620378,0.001082000380847603,0.0020240004232618958,0.0026650013751350343,20000,0,noop,0,0,0,A-amo,,0.17325300000004518,4.510232,0.14704,2.14341,0,huey_suite-20260930T050203Z,,,,"{""concurrency"": 16, ""mode"": ""fast"", ""processes"": 1, ""producer"": ""sync"", ""style"": ""sync"", ""system"": ""blitzq"", ""visibility_timeout"": 10}",,,,,,,,,,,blitzq,20000,7267.49299699745,91.28750000000001,3.67,38.494208,noop-drain
3.01295,20000,,0,,,,,13.358478221000041,6333.641932861167,3.1577408719986124,1.3802619996567955,0.0008910010365070775,0.0013930002751294523,0.002094100582326048,20000,0,noop,0,0,0,A-amo,,2.363424000000009,6.426016,5.310733,4.432402,0,huey_suite-20260930T050203Z,,,,"{""concurrency"": 16, ""processes"": 1, ""producer"": ""sync"", ""system"": ""huey"", ""visibility_timeout"": 10, ""worker_type"": ""thread""}",,,,,,,,,,,huey,20000,1497.1765248349345,143.0293103448276,20.84,42.848256,noop-drain
3.01275,20000,,0,,,,,13.225238129998615,6318.110953819166,3.1655031299997063,2.5399309997737873,0.0008919996616896242,0.0013629996828967705,0.0020039988157805055,20000,0,noop,0,0,0,A-amo,,2.3489830000000893,6.409648,5.310612,4.430901,1,huey_suite-20260930T050203Z,,,,"{""concurrency"": 16, ""processes"": 1, ""producer"": ""sync"", ""system"": ""huey"", ""visibility_timeout"": 10, ""worker_type"": ""thread""}",,,,,,,,,,,huey,20000,1512.2601047639582,143.8438596491228,20.6,42.799104,noop-drain
0.1667,20000,,0,,,,,2.75947534900115,3254.82719116238,6.144719465999515,0.9301330010202946,0.0010619987733662128,0.002053999196505174,0.002704999133129604,20000,0,noop,0,0,0,A-amo,,0.17469499999992877,4.504632,0.148624,2.14358,1,huey_suite-20260930T050203Z,,,,"{""concurrency"": 16, ""mode"": ""fast"", ""processes"": 1, ""producer"": ""sync"", ""style"": ""sync"", ""system"": ""blitzq"", ""visibility_timeout"": 10}",,,,,,,,,,,blitzq,20000,7247.754544080062,91.79375,3.69,38.518784,noop-drain
0.1666,20000,,0,,,,,2.7763206839990744,3268.050579570193,6.119856322000487,0.6692160004604375,0.0010519997886149213,0.002054500964732135,0.0026849993628275115,20000,0,noop,0,0,0,A-amo,,0.1744860000000017,4.510464,0.14841,2.144961,2,huey_suite-20260930T050203Z,,,,"{""concurrency"": 16, ""mode"": ""fast"", ""processes"": 1, ""producer"": ""sync"", ""style"": ""sync"", ""system"": ""blitzq"", ""visibility_timeout"": 10}",,,,,,,,,,,blitzq,20000,7203.778769242014,87.32352941176471,3.73,38.694912,noop-drain
3.01415,20000,,0,,,,,14.927813818001596,6326.893794994296,3.1611088549998385,3.647408999313484,0.001071999577106908,0.0028959985684196,0.0040070108116196925,20000,0,noop,0,0,0,A-amo,,2.707447000000002,6.4242,5.311627,4.441372,2,huey_suite-20260930T050203Z,,,,"{""concurrency"": 16, ""processes"": 1, ""producer"": ""sync"", ""system"": ""huey"", ""visibility_timeout"": 10, ""worker_type"": ""thread""}",,,,,,,,,,,huey,20000,1339.7809112464818,140.734375,22.67,42.835968,noop-drain
3.01335,20000,,0,,,,,13.926527788000385,5787.307754433202,3.4558383359999425,2.535156001613359,0.0009720006346469745,0.0017740003386279568,0.0024150912759068745,20000,0,noop,0,0,0,A-amo,,2.532430999999974,6.424,5.311057,4.435385,3,huey_suite-20260930T050203Z,,,,"{""concurrency"": 16, ""processes"": 1, ""producer"": ""sync"", ""system"": ""huey"", ""visibility_timeout"": 10, ""worker_type"": ""thread""}",,,,,,,,,,,huey,20000,1436.108145867683,142.665,21.51,42.799104,noop-drain
0.1591,20000,,0,,,,,2.923753527998997,2993.0238888032923,6.682205268998587,0.6860939993202919,0.0010829990060301498,0.002644999767653644,0.0035369994293432683,20000,0,noop,0,0,0,A-amo,,0.19003400000008241,4.572064,0.141859,2.144417,3,huey_suite-20260930T050203Z,,,,"{""concurrency"": 16, ""mode"": ""fast"", ""processes"": 1, ""producer"": ""sync"", ""style"": ""sync"", ""system"": ""blitzq"", ""visibility_timeout"": 10}",,,,,,,,,,,blitzq,20000,6840.52188683904,91.50588235294117,3.91,38.719488,noop-drain
0.15515,20000,,0,,,,,2.8678213130006043,2973.1220699818778,6.726935366001271,0.4076929999428103,0.001071999577106908,0.002504000804037787,0.003166000169585459,20000,0,noop,0,0,0,A-amo,,0.17865500000004886,4.511096,0.1384,2.144112,4,huey_suite-20260930T050203Z,,,,"{""concurrency"": 16, ""mode"": ""fast"", ""processes"": 1, ""producer"": ""sync"", ""style"": ""sync"", ""system"": ""blitzq"", ""visibility_timeout"": 10}",,,,,,,,,,,blitzq,20000,6973.935199286869,89.87058823529412,3.84,38.936576,noop-drain
3.01335,20000,,0,,,,,13.905245788000684,5789.731104798291,3.454391859999305,1.9930809994548326,0.000981999619398266,0.0017029997252393514,0.0022950907259655508,20000,0,noop,0,0,0,A-amo,,2.5167300000000523,6.416904,5.311059,4.435384,4,huey_suite-20260930T050203Z,,,,"{""concurrency"": 16, ""processes"": 1, ""producer"": ""sync"", ""system"": ""huey"", ""visibility_timeout"": 10, ""worker_type"": ""thread""}",,,,,,,,,,,huey,20000,1438.3061115869443,142.535,21.490000000000002,42.876928,noop-drain
0.0158,20000,,0,,,,,0.1548518640011025,126448.3208900978,0.15816738300054567,0.5330639996827813,0.00048100082494784147,0.0009920004231389612,0.0019339986647537444,20000,0,noop,0,0,0,B-amo,,0.02614599999992606,4.5064,0.016191,2.116074,0,huey_suite-20260930T050203Z,,,,"{""concurrency"": 200, ""mode"": ""fast"", ""processes"": 4, ""producer"": ""batch"", ""producers"": 4, ""style"": ""async"", ""system"": ""blitzq"", ""visibility_timeout"": 10}",,,,,,,,,,,blitzq,20000,129155.69424374255,186.61666666666667,2.83,158.150656,noop-drain
3.0128,20000,,0,,,,,3.667399171999932,19668.871596315825,1.0168351500014978,3.884613999616704,0.001453001459594816,0.002554051116021582,0.003316999936942011,20000,0,noop,0,0,0,B-amo,,2.0999199999999973,8.344968,5.315039,4.374724,0,huey_suite-20260930T050203Z,,,,"{""concurrency"": 16, ""processes"": 4, ""producers"": 4, ""system"": ""huey"", ""visibility_timeout"": 10, ""worker_type"": ""thread""}",,,,,,,,,,,huey,20000,5453.455994836106,481.8421052631579,23.19,170.94656,noop-drain
3.01285,20000,,0,,,,,3.683321337999587,19226.119541644784,1.0402515160003531,2.3098540004866663,0.0014429988368647173,0.002495000444469042,0.003246011128794633,20000,0,noop,0,0,0,B-amo,,2.092401999999879,8.34316,5.31505,4.374735,1,huey_suite-20260930T050203Z,,,,"{""concurrency"": 16, ""processes"": 4, ""producers"": 4, ""system"": ""huey"", ""visibility_timeout"": 10, ""worker_type"": ""thread""}",,,,,,,,,,,huey,20000,5429.881936627882,482.9421052631579,23.240000000000002,171.450368,noop-drain
0.0158,20000,,0,,,,,0.12643492999995942,107793.2974916973,0.1855402929995762,0.5099759982840624,0.0004809990059584379,0.0008420010999543592,0.001684000380919315,20000,0,noop,0,0,0,B-amo,,0.02461700000003475,4.513336,0.016196,2.116074,1,huey_suite-20260930T050203Z,,,,"{""concurrency"": 200, ""mode"": ""fast"", ""processes"": 4, ""producer"": ""batch"", ""producers"": 4, ""style"": ""async"", ""system"": ""blitzq"", ""visibility_timeout"": 10}",,,,,,,,,,,blitzq,20000,158184.13471662,182.0333333333333,2.76,156.770304,noop-drain
0.01575,20000,,0,,,,,0.12845607900089817,140063.94563544705,0.14279192199865065,0.5795479992229957,0.0004899993655271828,0.0008520000847056508,0.001743099310260716,20000,0,noop,0,0,0,B-amo,,0.024811999999883483,4.503264,0.016183,2.116066,2,huey_suite-20260930T050203Z,,,,"{""concurrency"": 200, ""mode"": ""fast"", ""processes"": 4, ""producer"": ""batch"", ""producers"": 4, ""style"": ""async"", ""system"": ""blitzq"", ""visibility_timeout"": 10}",,,,,,,,,,,blitzq,20000,155695.2396146247,175.58333333333334,2.71,157.708288,noop-drain
3.01295,20000,,0,,,,,3.7050736019991746,19658.689818102623,1.0173617969994666,9.767515999556053,0.0014920005924068391,0.0027050009521190077,0.0034470994796720173,20000,0,noop,0,0,0,B-amo,,2.1074899999999843,8.356272,5.315149,4.376223,2,huey_suite-20260930T050203Z,,,,"{""concurrency"": 16, ""processes"": 4, ""producers"": 4, ""system"": ""huey"", ""visibility_timeout"": 10, ""worker_type"": ""thread""}",,,,,,,,,,,huey,20000,5398.003426762818,462.28999999999996,23.42,170.831872,noop-drain
3.01295,20000,,0,,,,,3.693904135001503,20018.692814722264,0.9990662320014962,7.7179959989734925,0.0014529996406054124,0.0025949993869289756,0.0033870901097543395,20000,0,noop,0,0,0,B-amo,,2.1058129999998982,8.336952,5.315149,4.376221,3,huey_suite-20260930T050203Z,,,,"{""concurrency"": 16, ""processes"": 4, ""producers"": 4, ""system"": ""huey"", ""visibility_timeout"": 10, ""worker_type"": ""thread""}",,,,,,,,,,,huey,20000,5414.325675236253,460.46999999999997,23.32,171.536384,noop-drain
0.01575,20000,,0,,,,,0.12501078900095308,197201.40054491843,0.1014191580015904,0.48517600043851417,0.00048100082494784147,0.0008320002962136641,0.0017131005188275436,20000,0,noop,0,0,0,B-amo,,0.02460499999995136,4.5096,0.016178,2.116066,3,huey_suite-20260930T050203Z,,,,"{""concurrency"": 200, ""mode"": ""fast"", ""processes"": 4, ""producer"": ""batch"", ""producers"": 4, ""style"": ""async"", ""system"": ""blitzq"", ""visibility_timeout"": 10}",,,,,,,,,,,blitzq,20000,159986.19127063922,175.56666666666663,2.67,157.990912,noop-drain
0.01565,20000,,0,,,,,0.13539355100147077,215973.6999302256,0.09260386800087872,0.43756400009442586,0.0004809990059584379,0.0009519990271655843,0.0017430011212127283,20000,0,noop,0,0,0,B-amo,,0.025465000000053806,4.519968,0.015999,2.116068,4,huey_suite-20260930T050203Z,,,,"{""concurrency"": 200, ""mode"": ""fast"", ""processes"": 4, ""producer"": ""batch"", ""producers"": 4, ""style"": ""async"", ""system"": ""blitzq"", ""visibility_timeout"": 10}",,,,,,,,,,,blitzq,20000,147717.523117351,183.45000000000002,2.78,157.835264,noop-drain
3.013,20000,,0,,,,,3.7072790509992046,19562.94231042847,1.0223411019997002,6.794312001147773,0.0014329998521134257,0.002484999640728347,0.003166000169585459,20000,0,noop,0,0,0,B-amo,,2.101527000000033,8.363232,5.31516,4.376224,4,huey_suite-20260930T050203Z,,,,"{""concurrency"": 16, ""processes"": 4, ""producers"": 4, ""system"": ""huey"", ""visibility_timeout"": 10, ""worker_type"": ""thread""}",,,,,,,,,,,huey,20000,5394.79217098845,462.38,23.41,171.25376,noop-drain
1.80305,20000,,0,13.805887998387334,1.2209155001983163,1.6411309507020633,1.8755062600575907,7.448202366998885,2685.4297034935976,7.447597668999151,0.0766119992476888,0.0020739989849971607,0.0029359998734435067,0.0035060101981798635,20000,0,payload,0,0,0,A-amo,,1.8184069999999792,2.584944,24.165114,22.891183,0,huey_suite-20260930T050203Z,,,,"{""concurrency"": 16, ""mode"": ""fast"", ""processes"": 1, ""producer"": ""sync"", ""style"": ""sync"", ""system"": ""blitzq"", ""visibility_timeout"": 10}",13.801017999867327,1.218895498823258,,,,1.6385432008064524,1.8725914600145177,,,,blitzq,20000,2685.2116812259264,97.21428571428571,8.56,38.715392,small-payload
4.01275,20000,,0,10251.089589999538,5158.1322060001185,9741.381611299039,10147.968340599618,14.109434812999098,5183.2678920872195,3.85856961600075,0.19578799947339576,0.001071999577106908,0.0019340004655532539,0.0026051001805171676,20000,0,payload,0,0,0,A-amo,,3.588700999999901,22.822664,30.149165,25.221713,0,huey_suite-20260930T050203Z,,,,"{""concurrency"": 16, ""processes"": 1, ""producer"": ""sync"", ""system"": ""huey"", ""visibility_timeout"": 10, ""worker_type"": ""thread""}",10251.087886001187,5158.131053499346,,,,9741.380225849753,10147.966672300481,,,,huey,20000,1417.491222368021,137.7672131147541,21.15,42.840064,small-payload
4.0127,20000,,0,10291.327266000735,5183.181841000987,9778.493449301186,10186.34897370066,14.187923913001214,5131.914587918865,3.8971809949998715,0.06326199945760891,0.0010120002116309479,0.001853000867413357,0.0024949986436695326,20000,0,payload,0,0,0,A-amo,,3.613804000000073,22.70024,30.149147,25.221622,1,huey_suite-20260930T050203Z,,,,"{""concurrency"": 16, ""processes"": 1, ""producer"": ""sync"", ""system"": ""huey"", ""visibility_timeout"": 10, ""worker_type"": ""thread""}",10291.326133999974,5183.180879500469,,,,9778.492367800027,10186.347891800286,,,,huey,20000,1409.6495105723568,138.35737704918031,21.209999999999997,42.9056,small-payload
1.8088,20000,,0,14.733275998878526,1.2333679997027502,1.6600395504610788,1.887867289478889,7.482762641999216,2673.0838946213908,7.481994874999145,0.032341999030904844,0.002064000000245869,0.002905000656028278,0.0033970908953051405,20000,0,payload,0,0,0,A-amo,,1.83514799999989,2.585576,24.170715,22.897102,1,huey_suite-20260930T050203Z,,,,"{""concurrency"": 16, ""mode"": ""fast"", ""processes"": 1, ""producer"": ""sync"", ""style"": ""sync"", ""system"": ""blitzq"", ""visibility_timeout"": 10}",14.72880800065468,1.2314065006648889,,,,1.6572251512116052,1.8857042090712637,,,,blitzq,20000,2672.809623513125,97.89714285714285,8.610000000000001,38.346752,small-payload
1.8004,20000,,0,13.818581999657908,1.2255484998604516,1.6389140996579954,1.8799437296729564,7.460073848998945,2681.280285945234,7.459123204998832,0.043253001422272064,0.002064000000245869,0.0028864512387372023,0.003426001057960093,20000,0,payload,0,0,0,A-amo,,1.81374199999982,2.5752,24.162688,22.890446,2,huey_suite-20260930T050203Z,,,,"{""concurrency"": 16, ""mode"": ""fast"", ""processes"": 1, ""producer"": ""sync"", ""style"": ""sync"", ""system"": ""blitzq"", ""visibility_timeout"": 10}",13.81397399927664,1.2235784997756127,,,,1.6368110001167224,1.878364750336913,,,,blitzq,20000,2680.938607958119,97.52000000000001,8.58,38.678528,small-payload
4.0127,20000,,0,10258.001435000551,5146.3130769998315,9748.523413498879,10155.603946141164,14.09352076399955,5214.019298774409,3.8358124229998793,0.2054090000456199,0.0009920004231389612,0.0018430000636726618,0.0024349992781935725,20000,0,payload,0,0,0,A-amo,,3.577002000000107,22.76288,30.149148,25.221706,2,huey_suite-20260930T050203Z,,,,"{""concurrency"": 16, ""processes"": 1, ""producer"": ""sync"", ""system"": ""huey"", ""visibility_timeout"": 10, ""worker_type"": ""thread""}",10258.000433001143,5146.312049999324,,,,9748.522245000275,10155.602993940338,,,,huey,20000,1419.0918177867907,137.78032786885245,21.12,42.840064,small-payload
4.01275,20000,,0,10221.520758001134,5136.0930569999255,9703.30870539992,10115.92909438974,14.082597825001358,5178.643943734221,3.8620148860009067,0.05423500078904908,0.0010120002116309479,0.0017430011212127283,0.0023739994685456622,20000,0,payload,0,0,0,A-amo,,3.5925110000000586,22.82212,30.149163,25.221678,3,huey_suite-20260930T050203Z,,,,"{""concurrency"": 16, ""processes"": 1, ""producer"": ""sync"", ""system"": ""huey"", ""visibility_timeout"": 10, ""worker_type"": ""thread""}",10221.519755999907,5136.0921349996715,,,,9703.30768435042,10115.928004190355,,,,huey,20000,1420.1925133794036,137.57868852459015,21.09,42.950656,small-payload
1.79635,20000,,0,13.554896000641747,1.23576299938577,1.6643132010358386,1.8963528696804133,7.494014791000154,2669.0811901105667,7.493215295999107,0.08234899905801285,0.0021039995772298425,0.003055998604395427,0.003746999936993234,20000,0,payload,0,0,0,A-amo,,1.824440000000095,2.576184,24.159015,22.889773,3,huey_suite-20260930T050203Z,,,,"{""concurrency"": 16, ""mode"": ""fast"", ""processes"": 1, ""producer"": ""sync"", ""style"": ""sync"", ""system"": ""blitzq"", ""visibility_timeout"": 10}",13.55031700040854,1.2336869995124289,,,,1.6620146013337942,1.8931177915874287,,,,blitzq,20000,2668.7964405966686,97.98857142857143,8.620000000000001,38.600704,small-payload
1.8042,20000,,0,13.310333000845276,1.2289264996070415,1.6399676507717231,1.8711559187977396,7.495308812000076,2668.725664308426,7.494213537000178,0.09620500168239232,0.002094000592478551,0.0029660004656761885,0.0035369994293432683,20000,0,payload,0,0,0,A-amo,,1.822542999999996,2.588632,24.166019,22.890126,4,huey_suite-20260930T050203Z,,,,"{""concurrency"": 16, ""mode"": ""fast"", ""processes"": 1, ""producer"": ""sync"", ""style"": ""sync"", ""system"": ""blitzq"", ""visibility_timeout"": 10}",13.305223001225386,1.2268030004634056,,,,1.637561249481223,1.8688813987319006,,,,blitzq,20000,2668.3356885816056,98.23142857142857,8.639999999999999,38.612992,small-payload
4.0127,20000,,0,10231.548518999261,5155.601903000388,9731.30162979969,10134.665382651128,14.107371080999656,5159.4313295410575,3.8763962000011816,0.03637000008893665,0.0009919986041495577,0.0019140006770612672,0.0024540104095649422,20000,0,payload,0,0,0,A-amo,,3.601918000000069,22.791032,30.149149,25.221675,4,huey_suite-20260930T050203Z,,,,"{""concurrency"": 16, ""processes"": 1, ""producer"": ""sync"", ""system"": ""huey"", ""visibility_timeout"": 10, ""worker_type"": ""thread""}",10231.547587000023,5155.60087600079,,,,9731.300566248683,10134.663337160127,,,,huey,20000,1417.6985836104334,137.63606557377048,21.099999999999998,43.167744,small-payload
1.022,20000,,0,38.18542200133379,17.433027000151924,29.600846249195456,36.19212826020885,0.19098284899882856,107474.73682697755,0.1860902440002974,0.040978999095386826,0.00053100120567251,0.0011629999789875,0.002585100392025181,20000,0,payload,0,0,0,B-amo,,0.1277340000000322,2.87296,23.460029,23.003757,0,huey_suite-20260930T050203Z,,,,"{""concurrency"": 200, ""mode"": ""fast"", ""processes"": 4, ""producer"": ""batch"", ""producers"": 4, ""style"": ""async"", ""system"": ""blitzq"", ""visibility_timeout"": 10}",38.18496200074151,17.432210000151827,,,,29.600366750128156,36.19163716039111,,,,blitzq,20000,104721.44543263502,35.96666666666667,0.6199999999999997,156.83584,small-payload
4.00905,20000,,0,1579.3287390006299,734.1852599993217,1488.171197200245,1561.4093455793773,3.624441931000547,9752.43818927371,2.0507692139999563,0.2939969999715686,0.0015929999790387228,0.0029259990697028115,0.0037669997254852206,20000,0,payload,0,0,0,B-amo,,2.859685000000013,15.49412,30.147267,25.150674,0,huey_suite-20260930T050203Z,,,,"{""concurrency"": 16, ""processes"": 4, ""producers"": 4, ""system"": ""huey"", ""visibility_timeout"": 10, ""worker_type"": ""thread""}",1579.3270350004605,734.1838419997657,,,,1488.16791315121,1561.4080860808826,,,,huey,20000,5518.090889782552,412.55263157894734,19.95,171.712512,small-payload
4.009,20000,,0,1662.8077610002947,743.2475324994812,1569.9911322505613,1642.3312185200118,3.624569263000012,10127.186176694684,1.9748822279998421,0.17312400086666457,0.0015929999790387228,0.0028150006983196363,0.0035769990063272417,20000,0,payload,0,0,0,B-amo,,2.8314829999999347,15.478112,30.147253,25.151107,1,huey_suite-20260930T050203Z,,,,"{""concurrency"": 16, ""processes"": 4, ""producers"": 4, ""system"": ""huey"", ""visibility_timeout"": 10, ""worker_type"": ""thread""}",1662.8066579996812,743.2459744995867,,,,1569.9896037999679,1642.3292188193955,,,,huey,20000,5517.897037907958,414.6526315789474,20.03,172.019712,small-payload
1.022,20000,,0,54.94406199977675,24.002246499549074,39.66969920002156,51.32314819862584,0.23511430000144173,85678.16514624919,0.23343170299995109,0.6299369997577742,0.0007510006980737671,0.0016129997675307095,0.004237999746692367,20000,0,payload,0,0,0,B-amo,,0.1535989999999856,2.825208,23.460032,23.004538,1,huey_suite-20260930T050203Z,,,,"{""concurrency"": 200, ""mode"": ""fast"", ""processes"": 4, ""producer"": ""batch"", ""producers"": 4, ""style"": ""async"", ""system"": ""blitzq"", ""visibility_timeout"": 10}",54.94247899878246,24.001662499358645,,,,39.66920614921037,51.32205870926553,,,,blitzq,20000,85065.00880583341,56.71666666666666,0.8599999999999998,156.147712,small-payload
1.02,20000,,0,46.660013000291656,24.225980499977595,41.82870374988851,44.27560622010787,0.20202306899955147,103425.85955521854,0.19337523600006534,0.05080800110590644,0.000691001332597807,0.001381999027216807,0.0034469994898245204,20000,0,payload,0,0,0,B-amo,,0.1334159999998974,2.87068,23.458164,23.006168,2,huey_suite-20260930T050203Z,,,,"{""concurrency"": 200, ""mode"": ""fast"", ""processes"": 4, ""producer"": ""batch"", ""producers"": 4, ""style"": ""async"", ""system"": ""blitzq"", ""visibility_timeout"": 10}",46.65929099974164,24.22535949972371,,,,41.82803825015071,44.27475693002633,,,,blitzq,20000,98998.59505670812,41.449999999999996,0.7100000000000001,156.745728,small-payload
4.009,20000,,0,1443.9682079992053,648.8261884996973,1365.296020248934,1427.8644212402285,3.4900651319985627,9727.636352380008,2.055997908999416,0.11391000043659005,0.0014630004443461075,0.0025450008251937106,0.0033460000850027427,20000,0,payload,0,0,0,B-amo,,2.7940070000000787,14.290296,30.147252,25.148745,2,huey_suite-20260930T050203Z,,,,"{""concurrency"": 16, ""processes"": 4, ""producers"": 4, ""system"": ""huey"", ""visibility_timeout"": 10, ""worker_type"": ""thread""}",1443.967025999882,648.8249710000673,,,,1365.2948176988502,1427.8624676399702,,,,huey,20000,5730.55207956739,393.63684210526316,18.98,172.097536,small-payload
4.0089,20000,,0,1457.6179810010217,675.6462060011472,1375.1215441508975,1441.0778250807195,3.4676321820006706,9895.223265755714,2.0211772350012325,0.2383600003668107,0.0014630004443461075,0.002495000444469042,0.003225999535061419,20000,0,payload,0,0,0,B-amo,,2.772824000000014,14.53588,30.147156,25.148919,3,huey_suite-20260930T050203Z,,,,"{""concurrency"": 16, ""processes"": 4, ""producers"": 4, ""system"": ""huey"", ""visibility_timeout"": 10, ""worker_type"": ""thread""}",1457.6161370005138,675.6443120002587,,,,1375.120406600945,1441.0766239798065,,,,huey,20000,5767.624404864326,416.9,19.06,171.64288,small-payload
1.02245,20000,,0,34.8578829998587,13.34112849963276,27.564047900705187,31.570305199584237,0.2044499290004751,98221.82353779253,0.20362073599972064,0.0605569985054899,0.0005210004019318148,0.001231999704032205,0.0026852011615119092,20000,0,payload,0,0,0,B-amo,,0.11521000000016102,4.115,23.460476,22.996842,3,huey_suite-20260930T050203Z,,,,"{""concurrency"": 200, ""mode"": ""fast"", ""processes"": 4, ""producer"": ""batch"", ""producers"": 4, ""style"": ""async"", ""system"": ""blitzq"", ""visibility_timeout"": 10}",34.857010999985505,13.34033700004511,,,,27.563534899309158,31.56909710922263,,,,blitzq,20000,97823.46268241318,38.233333333333334,0.6399999999999998,156.123136,small-payload
1.019,20000,,0,48.736295000708196,31.534389499938698,46.06707080092747,47.84222663942273,0.1697005519999948,145494.02565603296,0.13746268899922143,0.05309300104272552,0.0005210004019318148,0.0010320000001229346,0.0021240011847112328,20000,0,payload,0,0,0,B-amo,,0.11149799999998322,4.53524,23.457231,23.014271,4,huey_suite-20260930T050203Z,,,,"{""concurrency"": 200, ""mode"": ""fast"", ""processes"": 4, ""producer"": ""batch"", ""producers"": 4, ""style"": ""async"", ""system"": ""blitzq"", ""visibility_timeout"": 10}",48.73585399946023,31.533909001154825,,,,46.06660030085549,47.84159573928263,,,,blitzq,20000,117854.65494538058,40.166666666666664,0.6099999999999998,156.995584,small-payload
4.0089,20000,,0,1403.7480050010345,639.0664370001105,1317.9477389001474,1385.158808178512,3.4666703609982505,9676.214645832615,2.066923970998687,0.17235299856110942,0.0013930002751294523,0.0023550001060357317,0.003065999426326016,20000,0,payload,0,0,0,B-amo,,2.7769389999999703,14.06304,30.147159,25.147823,4,huey_suite-20260930T050203Z,,,,"{""concurrency"": 16, ""processes"": 4, ""producers"": 4, ""system"": ""huey"", ""visibility_timeout"": 10, ""worker_type"": ""thread""}",1403.7462420001248,639.0651044994229,,,,1317.9463403997943,1385.1576654783275,,,,huey,20000,5769.224621126327,413.9222222222222,18.94,171.831296,small-payload
1.8675,10000,,0,9628.745381000044,4805.552230999638,9150.469934149805,9534.70936007012,13.04990189399905,2922.4640083251097,3.4217701129982743,21.800094000354875,20.106455998757156,20.349540099141446,20.586333059345634,10000,0,io,0,0,0,A-amo,,1.1210899999998674,3.253768,1.805111,1.23305,0,huey_suite-20260930T050203Z,,,,"{""concurrency"": 16, ""mode"": ""fast"", ""processes"": 1, ""producer"": ""sync"", ""style"": ""sync"", ""system"": ""blitzq"", ""visibility_timeout"": 10}",9608.64915899947,4785.419808499682,,,,9130.343004501172,9514.618565911642,,,,blitzq,10000,766.2892856381138,33.921052631578945,4.859999999999999,38.731776,async-io
4.0239,10000,,0,11381.162364001284,5690.874181999789,10816.590564000307,11271.51059274047,13.139581152001483,5686.4058868516,1.758580059000451,22.160544000144,20.101848500416963,20.262409100905643,20.528157200806167,10000,0,io,0,0,0,A-amo,,2.3169739999998455,4.305304,4.748595,2.339408,0,huey_suite-20260930T050203Z,,,,"{""concurrency"": 16, ""processes"": 1, ""producer"": ""sync"", ""system"": ""huey"", ""visibility_timeout"": 10, ""worker_type"": ""thread""}",11361.072173000139,5670.77408950081,,,,10796.455095400324,11251.456155150809,,,,huey,10000,761.0592669825517,37.426315789473676,5.359999999999999,42.856448,async-io
4.0239,10000,,0,11389.250079000703,5689.815531499335,10825.812816350206,11278.599659119247,13.137088880001102,5720.772998948037,1.7480155220000597,21.75625800009584,20.101682499443996,20.25105769862421,20.498465610089625,10000,0,io,0,0,0,A-amo,,2.316910000000007,4.288928,4.748595,2.339426,1,huey_suite-20260930T050203Z,,,,"{""concurrency"": 16, ""processes"": 1, ""producer"": ""sync"", ""system"": ""huey"", ""visibility_timeout"": 10, ""worker_type"": ""thread""}",11369.15812999905,5669.718233499225,,,,10805.726257899276,11258.513519689532,,,,huey,10000,761.2036495561231,37.48771929824561,5.370000000000001,42.807296,async-io
1.8722,10000,,0,9643.896483999924,4821.565769500012,9159.969519650713,9547.323418670148,13.044674726999801,2940.2568680677714,3.4010633929992764,21.512347999305348,20.10515350048081,20.335502450234344,20.584903950748412,10000,0,io,0,0,0,A-amo,,1.127603000000022,3.237256,1.807182,1.233226,1,huey_suite-20260930T050203Z,,,,"{""concurrency"": 16, ""mode"": ""fast"", ""processes"": 1, ""producer"": ""sync"", ""style"": ""sync"", ""system"": ""blitzq"", ""visibility_timeout"": 10}",9623.800522000238,4801.477447500474,,,,9139.353489848689,9527.179350008628,,,,blitzq,10000,766.5963474966571,33.98947368421052,4.87,38.813696,async-io
1.8939,10000,,0,9648.041504000503,4828.759702999378,9163.724883300256,9553.38397138019,13.039687209000476,2947.768588023576,3.392396553999788,21.581892999165575,20.10548500038567,20.362107300206844,20.616197890958574,10000,0,io,0,0,0,A-amo,,1.1176900000000387,3.2582,1.816732,1.234187,2,huey_suite-20260930T050203Z,,,,"{""concurrency"": 16, ""mode"": ""fast"", ""processes"": 1, ""producer"": ""sync"", ""style"": ""sync"", ""system"": ""blitzq"", ""visibility_timeout"": 10}",9627.921138000602,4808.570460499141,,,,9143.627832049606,9533.253125979645,,,,blitzq,10000,766.8895610546263,33.85263157894737,4.85,38.309888,async-io
4.0239,10000,,0,11392.031446001056,5695.8335909994275,10827.102029999782,11277.442063948622,13.131465501001003,5748.316397738093,1.7396398020009656,22.87893399989116,20.10192750094575,20.25750264983799,20.49496612027724,10000,0,io,0,0,0,A-amo,,2.2890049999999746,4.300384,4.748593,2.339415,2,huey_suite-20260930T050203Z,,,,"{""concurrency"": 16, ""processes"": 1, ""producer"": ""sync"", ""system"": ""huey"", ""visibility_timeout"": 10, ""worker_type"": ""thread""}",11371.923299000628,5675.682998999946,,,,10806.923529749287,11257.338754930244,,,,huey,10000,761.5296251006947,37.268421052631574,5.34,42.889216,async-io
4.0236,10000,,0,11369.755753999925,5695.262747499328,10802.771290400413,11257.091204589851,13.093610096000702,5800.329152549882,1.7240400910013705,21.252945998639916,20.10159399924305,20.235647799290746,20.419930180305528,10000,0,io,0,0,0,A-amo,,2.3122889999999643,4.305504,4.748487,2.337919,3,huey_suite-20260930T050203Z,,,,"{""concurrency"": 16, ""processes"": 1, ""producer"": ""sync"", ""system"": ""huey"", ""visibility_timeout"": 10, ""worker_type"": ""thread""}",11349.663701999816,5674.799878999693,,,,10782.670516700271,11236.953882050566,,,,huey,10000,763.7313106684297,36.667857142857144,5.16,42.807296,async-io
1.8964,10000,,0,9555.213297999217,4774.177692000194,9076.27711605046,9462.812434991229,13.00383135499942,2899.3650302152496,3.4490310450000834,21.177717000682605,20.102959499126882,20.310334150508425,20.558318049734225,10000,0,io,0,0,0,A-amo,,1.1474530000000414,3.233424,1.81783,1.234225,3,huey_suite-20260930T050203Z,,,,"{""concurrency"": 16, ""mode"": ""fast"", ""processes"": 1, ""producer"": ""sync"", ""style"": ""sync"", ""system"": ""blitzq"", ""visibility_timeout"": 10}",9535.118997000609,4754.023318500003,,,,9055.949050549498,9442.707906560336,,,,blitzq,10000,769.0041286297846,33.835087719298244,4.85,38.62528,async-io
1.8671,10000,,0,9640.9005229998,4810.665105001135,9164.475416799087,9547.530021569219,13.041765340998609,2939.791494177129,3.4016017869998905,21.215056000073673,20.105644000068423,20.34829569938665,20.5713781097802,10000,0,io,0,0,0,A-amo,,1.1117990000001328,3.254728,1.804943,1.233092,4,huey_suite-20260930T050203Z,,,,"{""concurrency"": 16, ""mode"": ""fast"", ""processes"": 1, ""producer"": ""sync"", ""style"": ""sync"", ""system"": ""blitzq"", ""visibility_timeout"": 10}",9620.802948000346,4790.57184750036,,,,9144.265503349197,9527.329668869988,,,,blitzq,10000,766.7673615138285,33.64035087719298,4.82,38.42048,async-io
4.0236,10000,,0,11357.2667669996,5682.2726230002445,10781.447204949836,11239.521479740215,13.099248411999724,5740.003662934571,1.7421591670008638,22.643771999355522,20.101344499380502,20.244977749553072,20.440900449975743,10000,0,io,0,0,0,A-amo,,2.307219000000032,4.296504,4.748487,2.33796,4,huey_suite-20260930T050203Z,,,,"{""concurrency"": 16, ""processes"": 1, ""producer"": ""sync"", ""system"": ""huey"", ""visibility_timeout"": 10, ""worker_type"": ""thread""}",11337.136312000439,5662.184565499956,,,,10761.354036949706,11219.420822370867,,,,huey,10000,763.4025774211121,36.72857142857142,5.17,42.983424,async-io
1.0356,10000,,0,124.979334001182,71.5281534994574,111.17378155013284,113.25559486969723,0.1769072610004514,156295.64809842818,0.06398130799971113,34.74470100081817,21.538974499890173,26.4852226986477,31.70578732942886,10000,0,io,0,0,0,B-amo,,0.05015099999991435,3.228128,1.437228,1.214346,0,huey_suite-20260930T050203Z,,,,"{""concurrency"": 500, ""mode"": ""fast"", ""processes"": 4, ""producer"": ""batch"", ""producers"": 4, ""style"": ""async"", ""system"": ""blitzq"", ""visibility_timeout"": 10}",103.84435200103326,49.64201900020271,,,,88.01307314897711,92.64357137120896,,,,blitzq,10000,56526.79230602346,30.96666666666667,0.46999999999999964,161.619968,async-io
4.0464,10000,,0,37.89461599990318,21.659528500094893,24.300148299971625,27.273997540560234,1.1551011890005611,8816.239641781622,1.1342704380003852,23.6067899986665,20.217831500303873,20.978457600267575,21.660191530008895,10000,0,io,0,0,0,B-amo,,1.1390599999999722,17.69992,4.761076,2.242601,0,huey_suite-20260930T050203Z,,,,"{""concurrency"": 100, ""processes"": 4, ""producers"": 4, ""system"": ""huey"", ""visibility_timeout"": 10, ""worker_type"": ""greenlet""}",17.604107000806835,1.3167600000087987,,,,3.9187683003547087,6.675912720074848,,,,huey,10000,8657.250200436893,146.7,3.71,179.150848,async-io
4.0464,10000,,0,39.42985700086865,21.552938999775506,24.536357149281677,27.408211750680497,1.1498008639991895,8891.886363543816,1.1246207599997433,25.532064000799437,20.196316000692605,21.085655149272494,22.034875371155067,10000,0,io,0,0,0,B-amo,,1.1292090000000599,17.996312,4.761075,2.242601,1,huey_suite-20260930T050203Z,,,,"{""concurrency"": 100, ""processes"": 4, ""producers"": 4, ""system"": ""huey"", ""visibility_timeout"": 10, ""worker_type"": ""greenlet""}",19.268255000497447,1.239080499544798,,,,4.08296039995548,7.02870070033896,,,,huey,10000,8697.158188956666,148.15,3.7500000000000004,179.38432,async-io
1.0375,10000,,0,76.67233800020767,51.408050499958335,70.73167905009541,72.37125012003162,0.174231883000175,86717.5056707867,0.11531697000100394,37.16710399930889,21.475988500242238,26.210959500440367,35.31590727139701,10000,0,io,0,0,0,B-amo,,0.04745699999989483,3.196568,1.438076,1.212867,1,huey_suite-20260930T050203Z,,,,"{""concurrency"": 500, ""mode"": ""fast"", ""processes"": 4, ""producer"": ""batch"", ""producers"": 4, ""style"": ""async"", ""system"": ""blitzq"", ""visibility_timeout"": 10}",52.84154199944169,29.986037000526267,,,,46.9753394010695,50.64340476857979,,,,blitzq,10000,57394.77659200846,32.86666666666667,0.49999999999999967,160.841728,async-io
1.0398,10000,,0,112.36818199904519,72.70959200013749,107.06154075023733,110.80284320978535,0.16014482299942756,167385.47289281752,0.059742340999946464,27.58168499894964,21.234216999800992,24.120678050985585,25.498962600759114,10000,0,io,0,0,0,B-amo,,0.044908000000077664,3.641032,1.439128,1.213551,2,huey_suite-20260930T050203Z,,,,"{""concurrency"": 500, ""mode"": ""fast"", ""processes"": 4, ""producer"": ""batch"", ""producers"": 4, ""style"": ""async"", ""system"": ""blitzq"", ""visibility_timeout"": 10}",91.33389899943722,51.76484700132278,,,,86.22340715010068,90.12021632048345,,,,blitzq,10000,62443.47967486745,35.660000000000004,0.44999999999999973,160.681984,async-io
4.0464,10000,,0,38.81167700092192,21.74131450101413,26.62116585097465,30.459875580327207,1.1312215270008892,9014.864992204746,1.1092789530011942,24.091499000860495,20.23292549984035,21.32722040078079,22.666548241177225,10000,0,io,0,0,0,B-amo,,1.11511100000007,17.742176,4.761076,2.242601,2,huey_suite-20260930T050203Z,,,,"{""concurrency"": 100, ""processes"": 4, ""producers"": 4, ""system"": ""huey"", ""visibility_timeout"": 10, ""worker_type"": ""greenlet""}",18.586919000881608,1.3650415003212402,,,,5.758447200787473,9.30621418068768,,,,huey,10000,8840.001503960188,147.35999999999999,3.7299999999999995,179.326976,async-io
4.0464,10000,,0,39.1326079989085,22.3334314987369,30.04773604989168,33.878316028749396,1.2149516549998225,8403.226504529148,1.1900190950000251,25.7436530009727,20.34764899963193,22.303346000717283,23.828075269666442,10000,0,io,0,0,0,B-amo,,1.1940570000000434,17.639848,4.761074,2.242601,3,huey_suite-20260930T050203Z,,,,"{""concurrency"": 100, ""processes"": 4, ""producers"": 4, ""system"": ""huey"", ""visibility_timeout"": 10, ""worker_type"": ""greenlet""}",17.71722300145484,1.724622500660189,,,,8.956290599689954,12.78181279967612,,,,huey,10000,8230.780178657777,161.54,4.1,179.79392,async-io
1.0403,10000,,0,111.64391700003762,68.55572649965325,105.83704470109295,109.4720312487334,0.1609790630009229,160496.03289099954,0.062306836000061594,27.465997000035713,21.303212500242807,24.383066550217336,26.377020900854404,10000,0,io,0,0,0,B-amo,,0.04889299999990726,3.119312,1.43929,1.214033,3,huey_suite-20260930T050203Z,,,,"{""concurrency"": 500, ""mode"": ""fast"", ""processes"": 4, ""producer"": ""batch"", ""producers"": 4, ""style"": ""async"", ""system"": ""blitzq"", ""visibility_timeout"": 10}",90.88246099963726,46.4364689996728,,,,85.67851090019758,89.23785107004733,,,,blitzq,10000,62119.87952708278,31.016666666666666,0.46999999999999975,161.837056,async-io
1.0385,10000,,0,67.79355900107475,51.306483499502065,60.57820425012323,65.13164455927836,0.1594687429987971,86887.5760703028,0.11509125299926382,24.944287000835175,21.26762899933965,23.413196851470275,24.131313580455753,10000,0,io,0,0,0,B-amo,,0.04954000000009273,3.147448,1.438554,1.211218,4,huey_suite-20260930T050203Z,,,,"{""concurrency"": 500, ""mode"": ""fast"", ""processes"": 4, ""producer"": ""batch"", ""producers"": 4, ""style"": ""async"", ""system"": ""blitzq"", ""visibility_timeout"": 10}",43.970758000796195,29.70756250033446,,,,39.337454899759905,42.61085602985986,,,,blitzq,10000,62708.21360945594,38.38,0.48999999999999955,162.066432,async-io
4.0464,10000,,0,39.06899700086797,21.747159500591806,26.346635450499875,30.038539919441977,1.1601280979994044,8785.168997173541,1.1382820300004823,24.386917999436264,20.243693999873358,21.20662769939372,22.443421570533246,10000,0,io,0,0,0,B-amo,,1.1337889999999788,17.9104,4.761075,2.242619,4,huey_suite-20260930T050203Z,,,,"{""concurrency"": 100, ""processes"": 4, ""producers"": 4, ""system"": ""huey"", ""visibility_timeout"": 10, ""worker_type"": ""greenlet""}",18.974155000250903,1.377536500513088,,,,5.661683849848479,9.157869660448343,,,,huey,10000,8619.737783478056,147.6,3.74,179.449856,async-io
1.53,2000,,0,27014.26085700041,13567.577949999759,25691.921949849984,26826.852711640113,27.73544556900015,2772.02547072168,0.7214940920002846,461.148972999581,54.59212249934353,187.36348450020157,271.1293510788528,2000,0,cpu,0,0,0,A-amo,,0.29570000000001073,2.742152,0.349225,0.412728,0,huey_suite-20260930T050203Z,,,,"{""concurrency"": 16, ""mode"": ""fast"", ""processes"": 1, ""producer"": ""sync"", ""style"": ""sync"", ""system"": ""blitzq"", ""visibility_timeout"": 10}",26972.878725000555,13487.380004499755,,,,25582.68977064963,26680.026922119905,,,,blitzq,2000,72.10989255695954,98.67739130434782,28.529999999999998,38.572032,cpu-bound
4.2375,2000,,0,28230.047447999823,14145.690057999673,26845.199639050952,27963.58613828901,28.598987728000793,5397.0771610511665,0.3705709480000223,211.9007010005589,51.61467949983489,116.38888314973883,150.97521824864089,2000,0,cpu,0,0,0,A-amo,,0.6072169999999915,3.174224,0.975139,0.638552,0,huey_suite-20260930T050203Z,,,,"{""concurrency"": 16, ""processes"": 1, ""producer"": ""sync"", ""system"": ""huey"", ""visibility_timeout"": 10, ""worker_type"": ""thread""}",28181.452875000105,14070.688411999981,,,,26772.55587439995,27919.867901259277,,,,huey,2000,69.93254513137308,103.37203389830508,30.66,42.930176,cpu-bound
4.237,2000,,0,28205.45845900051,14154.936777500552,26812.086506951073,27960.108332530544,28.57584703000066,5395.333440685289,0.37069071299993084,191.53306800035352,52.057060500374064,115.80279545123629,152.1423807389874,2000,0,cpu,0,0,0,A-amo,,0.6103200000000015,3.184144,0.975125,0.63854,1,huey_suite-20260930T050203Z,,,,"{""concurrency"": 16, ""processes"": 1, ""producer"": ""sync"", ""system"": ""huey"", ""visibility_timeout"": 10, ""worker_type"": ""thread""}",28167.45720000108,14063.420221499655,,,,26758.584259750478,27915.746418249328,,,,huey,2000,69.98917645031759,103.36610169491526,30.66,42.881024,cpu-bound
1.522,2000,,0,26730.297492000318,13366.657276000296,25424.0946256501,26474.974701480987,27.437548776000767,2818.8032828120995,0.7095209560011426,403.4003449996817,53.515223499744025,179.54319324862806,262.20388532055944,2000,0,cpu,0,0,0,A-amo,,0.297533000000044,2.747144,0.34852,0.411158,1,huey_suite-20260930T050203Z,,,,"{""concurrency"": 16, ""mode"": ""fast"", ""processes"": 1, ""producer"": ""sync"", ""style"": ""sync"", ""system"": ""blitzq"", ""visibility_timeout"": 10}",26686.782558999766,13329.925349500627,,,,25359.12675654899,26404.78372919977,,,,blitzq,2000,72.89280891408825,98.44736842105263,28.220000000000002,38.72768,cpu-bound
1.517,2000,,0,26809.23537200033,13407.283188999827,25502.88692515078,26567.32914790069,27.515535374999672,2827.2970811637897,0.7073894049990486,284.79567099930136,49.78678500083333,177.92006825065982,223.26208697930264,2000,0,cpu,0,0,0,A-amo,,0.29156700000010005,2.744152,0.348147,0.411156,2,huey_suite-20260930T050203Z,,,,"{""concurrency"": 16, ""mode"": ""fast"", ""processes"": 1, ""producer"": ""sync"", ""style"": ""sync"", ""system"": ""blitzq"", ""visibility_timeout"": 10}",26777.626484999928,13343.179671500366,,,,25439.320846700502,26533.86920951978,,,,blitzq,2000,72.6862106349266,98.6342105263158,28.27,38.25664,cpu-bound
4.288,2000,,0,34728.898118999496,17401.584681500026,32990.67805344985,34392.03601622965,35.09738707900033,5425.406032760907,0.3686360040010186,282.99772100035625,20.888135999484803,102.56861759971797,152.64691575832327,2000,0,cpu,0,0,0,A-amo,,0.6533059999999296,3.184968,0.978835,0.677364,2,huey_suite-20260930T050203Z,,,,"{""concurrency"": 16, ""processes"": 1, ""producer"": ""sync"", ""system"": ""huey"", ""visibility_timeout"": 10, ""worker_type"": ""thread""}",34715.585680000004,17368.026847499095,,,,32970.89620489951,34374.70381541025,,,,huey,2000,56.984299016283515,101.15555555555555,36.62,42.668032,cpu-bound
4.2375,2000,,0,28146.05207599925,14129.11453650031,26795.9146002504,27893.718090669827,28.515798906999407,5404.616346022514,0.3700540190002357,226.709258999108,50.5734014996051,117.45330880021355,149.45876303050682,2000,0,cpu,0,0,0,A-amo,,0.6052349999999933,3.173256,0.975138,0.638548,3,huey_suite-20260930T050203Z,,,,"{""concurrency"": 16, ""processes"": 1, ""producer"": ""sync"", ""system"": ""huey"", ""visibility_timeout"": 10, ""worker_type"": ""thread""}",28132.13483099935,14070.802603499033,,,,26714.73664524919,27822.5967845993,,,,huey,2000,70.13655856259687,103.03220338983051,30.56,42.717184,cpu-bound
1.504,2000,,0,26431.8234830007,13210.854767000455,25131.71796619863,26184.42581136018,27.144868246999977,2789.5766836794037,0.7169546589993843,368.59988200012594,49.97540900058084,180.32547990032978,234.72858613988134,2000,0,cpu,0,0,0,A-amo,,0.28637800000001334,2.753672,0.34688,0.409469,3,huey_suite-20260930T050203Z,,,,"{""concurrency"": 16, ""mode"": ""fast"", ""processes"": 1, ""producer"": ""sync"", ""style"": ""sync"", ""system"": ""blitzq"", ""visibility_timeout"": 10}",26353.209439001148,13187.03455800005,,,,25108.20767714995,26120.09113068021,,,,blitzq,2000,73.67875142370742,98.21858407079647,27.9,38.72768,cpu-bound
1.5415,2000,,0,27062.66409500131,13537.676592000025,25702.503687748773,26850.76840670128,27.774378897000133,2788.9060280073736,0.717127066998728,362.23368699938874,54.60005899931275,198.94304974995973,268.58086285901663,2000,0,cpu,0,0,0,A-amo,,0.3001489999999194,2.766,0.350292,0.412815,4,huey_suite-20260930T050203Z,,,,"{""concurrency"": 16, ""mode"": ""fast"", ""processes"": 1, ""producer"": ""sync"", ""style"": ""sync"", ""system"": ""blitzq"", ""visibility_timeout"": 10}",27006.93614100055,13508.916107499317,,,,25680.2956780989,26727.465365831395,,,,blitzq,2000,72.00881097708424,98.84869565217392,28.580000000000002,38.752256,cpu-bound
4.237,2000,,0,28183.235663998857,14086.069623500407,26798.638007500085,27949.492505238923,28.546764429000177,5494.181805680735,0.36402144500061695,233.99069500010228,50.9162065000055,114.77436264904098,152.10378118896188,2000,0,cpu,0,0,0,A-amo,,0.6059410000000298,3.197552,0.975123,0.638599,4,huey_suite-20260930T050203Z,,,,"{""concurrency"": 16, ""processes"": 1, ""producer"": ""sync"", ""system"": ""huey"", ""visibility_timeout"": 10, ""worker_type"": ""thread""}",28159.872336998887,14025.1759544999,,,,26748.501089599722,27871.974200860932,,,,huey,2000,70.06047935745158,103.16440677966101,30.599999999999998,42.72128,cpu-bound
2.03,2000,,0,4378.904737999619,2256.2572425003964,4155.402786299601,4331.038223250398,4.410678867998286,49824.15436646763,0.040141172999938135,26.95558599953074,15.993760500350618,24.945188600941037,25.554775278669695,2000,0,cpu,0,0,0,B-amo,,0.15326500000014676,2.745816,0.387591,0.297129,0,huey_suite-20260930T050203Z,,,,"{""concurrency"": 16, ""cpu_executor"": ""process"", ""mode"": ""fast"", ""process_pool"": 8, ""processes"": 1, ""producer"": ""batch"", ""producers"": 1, ""style"": ""sync"", ""system"": ""blitzq"", ""visibility_timeout"": 10}",4359.494304000691,2239.109838499644,,,,4139.664049800831,4313.47756038851,,,,blitzq,2000,453.4449366765319,629.3227272727273,36.22,300.511232,cpu-bound
4.0455,2000,,0,3836.3687339988246,1936.0500339998907,3642.47080615014,3795.439349739572,4.221265919999496,5188.775029572916,0.3854474300005677,25.79083599994192,14.914447500814276,23.39364894969549,24.838886820871267,2000,0,cpu,0,0,0,B-amo,,0.5189379999999346,2.977816,0.961155,0.493685,0,huey_suite-20260930T050203Z,,,,"{""concurrency"": 8, ""processes"": 1, ""producers"": 1, ""system"": ""huey"", ""visibility_timeout"": 10, ""worker_type"": ""process""}",3822.1580480003468,1920.7735205009158,,,,3627.195308100272,3778.6206857696016,,,,huey,2000,473.7915208147415,629.9714285714285,33.449999999999996,314.605568,cpu-bound
4.046,2000,,0,3770.2979759997106,1915.121156999703,3580.118964549183,3727.333027898676,4.1482181120009045,5283.484362814813,0.37853807500141556,25.078347000089707,14.376541500496387,22.56241990135095,24.59165399941412,2000,0,cpu,0,0,0,B-amo,,0.5141009999999824,2.980056,0.961168,0.493691,1,huey_suite-20260930T050203Z,,,,"{""concurrency"": 8, ""processes"": 1, ""producers"": 1, ""system"": ""huey"", ""visibility_timeout"": 10, ""worker_type"": ""process""}",3750.7504420009354,1901.820365000276,,,,3560.745916648648,3709.547621020156,,,,huey,2000,482.134725320722,617.7904761904762,32.8,313.638912,cpu-bound
2.0315,2000,,0,4385.087802000271,2196.9799934995535,4173.968629850697,4343.708161500999,4.415391958000328,52817.12969339416,0.0378665030002594,32.92936299840221,16.117010000925802,24.19239435030249,25.219275659965206,2000,0,cpu,0,0,0,B-amo,,0.15675799999996798,2.737664,0.387756,0.297134,1,huey_suite-20260930T050203Z,,,,"{""concurrency"": 16, ""cpu_executor"": ""process"", ""mode"": ""fast"", ""process_pool"": 8, ""processes"": 1, ""producer"": ""batch"", ""producers"": 1, ""style"": ""sync"", ""system"": ""blitzq"", ""visibility_timeout"": 10}",4372.09543499921,2178.189407500213,,,,4155.197806750493,4327.652445519725,,,,blitzq,2000,452.9609192171862,630.15,36.339999999999996,298.143744,cpu-bound
2.023,2000,,0,4249.043632999019,2172.4645274998693,4045.069716450598,4209.792757638788,4.279903974000263,52262.073707162075,0.038268669000899536,26.40576999874611,15.396458000395796,24.26022070058025,24.9138689092797,2000,0,cpu,0,0,0,B-amo,,0.1505099999999402,2.745576,0.387003,0.297064,2,huey_suite-20260930T050203Z,,,,"{""concurrency"": 16, ""cpu_executor"": ""process"", ""mode"": ""fast"", ""process_pool"": 8, ""processes"": 1, ""producer"": ""batch"", ""producers"": 1, ""style"": ""sync"", ""system"": ""blitzq"", ""visibility_timeout"": 10}",4235.275583998373,2156.826672000534,,,,4026.142816501124,4194.761176680495,,,,blitzq,2000,467.30020396478113,609.5863636363637,35.239999999999995,301.060096,cpu-bound
4.0455,2000,,0,3806.5139390000695,1923.1413475008594,3620.3775034500723,3771.804358240479,4.181883193999965,5325.636737311439,0.37554194900076254,25.759080999705475,14.32562400077586,23.638115900848785,25.148401809674397,2000,0,cpu,0,0,0,B-amo,,0.5201329999999871,2.97916,0.961154,0.493684,2,huey_suite-20260930T050203Z,,,,"{""concurrency"": 8, ""processes"": 1, ""producers"": 1, ""system"": ""huey"", ""visibility_timeout"": 10, ""worker_type"": ""process""}",3790.598728999612,1905.6543510005213,,,,3603.3617139987655,3753.053742269949,,,,huey,2000,478.2534344501867,622.3571428571428,33.05,313.110528,cpu-bound
4.0455,2000,,0,3799.6262130000105,1925.4074239997863,3606.8160138006533,3758.4071503710766,4.178169791999608,5277.249999276097,0.37898526699973445,25.657352998678107,14.25718449991109,23.47477199982677,25.14940443832529,2000,0,cpu,0,0,0,B-amo,,0.5188989999999194,2.980888,0.961154,0.493684,3,huey_suite-20260930T050203Z,,,,"{""concurrency"": 8, ""processes"": 1, ""producers"": 1, ""system"": ""huey"", ""visibility_timeout"": 10, ""worker_type"": ""process""}",3781.438538000657,1908.3715675005806,,,,3593.063965649071,3742.9668781810688,,,,huey,2000,478.67848832510725,621.847619047619,33.01,315.011072,cpu-bound
2.0305,2000,,0,4241.952372000014,2158.1683060003343,4033.2817687506576,4196.613264338339,4.273020032000204,51976.60127879822,0.038478852999105584,25.666214000011678,15.288898499420611,24.534031300845527,25.016007829162845,2000,0,cpu,0,0,0,B-amo,,0.15085700000008728,2.758784,0.387635,0.297161,3,huey_suite-20260930T050203Z,,,,"{""concurrency"": 16, ""cpu_executor"": ""process"", ""mode"": ""fast"", ""process_pool"": 8, ""processes"": 1, ""producer"": ""batch"", ""producers"": 1, ""style"": ""sync"", ""system"": ""blitzq"", ""visibility_timeout"": 10}",4221.562541999447,2141.8866539997907,,,,4018.2085847497547,4177.462008399361,,,,blitzq,2000,468.0530362652661,610.0454545454545,35.12,296.882176,cpu-bound
2.032,2000,,0,4234.852903000501,2174.698752999575,4028.906474451105,4192.632347480994,4.266669001999617,50837.937578632154,0.03934069899878523,25.537092999002198,15.276867000466154,24.542735049817562,25.070172288978934,2000,0,cpu,0,0,0,B-amo,,0.15340900000001056,2.738328,0.387766,0.29714,4,huey_suite-20260930T050203Z,,,,"{""concurrency"": 16, ""cpu_executor"": ""process"", ""mode"": ""fast"", ""process_pool"": 8, ""processes"": 1, ""producer"": ""batch"", ""producers"": 1, ""style"": ""sync"", ""system"": ""blitzq"", ""visibility_timeout"": 10}",4217.892384998777,2157.7062539990948,,,,4012.940100399101,4176.210776390981,,,,blitzq,2000,468.74974343279973,608.4772727272727,35.09,295.899136,cpu-bound
4.046,2000,,0,3952.5316399995063,1935.0900949993957,3758.410832348727,3911.793269200207,4.346537690998957,5071.123740226656,0.3943899029982276,25.86780199999339,15.264450999893597,23.96891815142226,25.231473859021207,2000,0,cpu,0,0,0,B-amo,,0.5274939999999333,2.972168,0.961169,0.493692,4,huey_suite-20260930T050203Z,,,,"{""concurrency"": 8, ""processes"": 1, ""producers"": 1, ""system"": ""huey"", ""visibility_timeout"": 10, ""worker_type"": ""process""}",3938.187666999511,1920.1209855000343,,,,3742.333060599776,3897.9543462200854,,,,huey,2000,460.1363526978512,647.0571428571428,34.379999999999995,314.843136,cpu-bound
1.8103333333333333,30000,,0,13.039585999649717,1.1995320001005894,1.5867249495386204,1.8049046600026482,10.776217841999824,2784.1490269891624,10.775285269999586,0.05860199962626211,0.0019540002540452406,0.0027160003810422495,0.0030350001907208934,30000,0,burst,0,0,0,A-amo,,2.6237770000000182,2.567304,5.388641,3.469631,0,huey_suite-20260930T050203Z,,,,"{""concurrency"": 16, ""mode"": ""fast"", ""processes"": 1, ""producer"": ""sync"", ""style"": ""sync"", ""system"": ""blitzq"", ""visibility_timeout"": 10}",13.034235998929944,1.1975084989899187,,,,1.5843658490666712,1.8024971495651692,,,,blitzq,30000,2783.9080872211352,103.5625,12.49,38.760448,burst-publish
4.011666666666667,30000,,0,14752.021195999987,7416.481626500172,14017.55479524945,14604.009337190473,20.27046767599859,5435.9504438668355,5.518814107999788,0.07663799988222308,0.0009319992386735976,0.0014620000001741573,0.0020740008039865643,30000,0,burst,0,0,0,A-amo,,5.083191000000056,6.46868,14.262628,6.868851,0,huey_suite-20260930T050203Z,,,,"{""concurrency"": 16, ""processes"": 1, ""producer"": ""sync"", ""system"": ""huey"", ""visibility_timeout"": 10, ""worker_type"": ""thread""}",14752.020265001192,7416.480694500024,,,,14017.553399300139,14604.0084522898,,,,huey,30000,1479.985586890121,141.62558139534883,30.6,42.831872,burst-publish
4.0116,30000,,0,14733.704942000259,7384.413225499884,13995.138015899101,14587.573363461523,20.249258277999616,5438.794084875413,5.515928628999973,0.03292400106147397,0.0009609993867343292,0.001503000021330081,0.002143999154213816,30000,0,burst,0,0,0,A-amo,,5.075769000000037,6.470872,14.262532,6.867283,1,huey_suite-20260930T050203Z,,,,"{""concurrency"": 16, ""processes"": 1, ""producer"": ""sync"", ""system"": ""huey"", ""visibility_timeout"": 10, ""worker_type"": ""thread""}",14733.70402999899,7384.412097999302,,,,13995.136851899859,14587.572480870858,,,,huey,30000,1481.5357475386818,143.04588235294116,30.55,42.971136,burst-publish
1.8135333333333334,30000,,0,12.820578000173555,1.1835209998025675,1.5639038003428138,1.7988791092466254,10.704439237999395,2802.80547520319,10.703561223001088,0.05671899998560548,0.0019430008251219988,0.0026849994355870876,0.0030360906202986228,30000,0,burst,0,0,0,A-amo,,2.615244999999959,2.584352,5.392848,3.46894,1,huey_suite-20260930T050203Z,,,,"{""concurrency"": 16, ""mode"": ""fast"", ""processes"": 1, ""producer"": ""sync"", ""style"": ""sync"", ""system"": ""blitzq"", ""visibility_timeout"": 10}",12.816190001103678,1.181618000373419,,,,1.5613042009135822,1.7968853094134811,,,,blitzq,30000,2802.5755794384654,102.60625,12.4,38.330368,burst-publish
1.8130666666666666,30000,,0,13.427277999653597,1.1857299996336224,1.5642059490346583,1.7790851097197447,10.693204739998691,2805.7964420836647,10.692151272998672,0.09322999903815798,0.0019540002540452406,0.0027149999368702993,0.0030059982236707583,30000,0,burst,0,0,0,A-amo,,2.609493000000157,2.5826,5.392414,3.471212,2,huey_suite-20260930T050203Z,,,,"{""concurrency"": 16, ""mode"": ""fast"", ""processes"": 1, ""producer"": ""sync"", ""style"": ""sync"", ""system"": ""blitzq"", ""visibility_timeout"": 10}",13.422018000710523,1.1836569992738077,,,,1.5620161502738483,1.7766305393524813,,,,blitzq,30000,2805.520022242057,102.73333333333333,12.389999999999999,38.240256,burst-publish
4.0116,30000,,0,14734.92075700051,7393.666534499971,13999.236952299361,14586.083777391068,20.265994407000107,5422.799902763693,5.532197488000747,0.042020999899250455,0.0009519990271655843,0.001513000825070776,0.002175000190618448,30000,0,burst,0,0,0,A-amo,,5.083393000000115,6.46288,14.262537,6.867309,2,huey_suite-20260930T050203Z,,,,"{""concurrency"": 16, ""processes"": 1, ""producer"": ""sync"", ""system"": ""huey"", ""visibility_timeout"": 10, ""worker_type"": ""thread""}",14734.919876000276,7393.6655375000555,,,,13999.236062300497,14586.082835291018,,,,huey,30000,1480.3122608993544,143.14235294117648,30.57,42.92608,burst-publish
4.011666666666667,30000,,0,14791.113739000139,7425.394494499415,14058.718394849893,14645.753268290007,20.34682746999897,5398.852382470975,5.556736482998531,0.10046299939858727,0.0009510004019830376,0.0014830002328380942,0.0021739997464464977,30000,0,burst,0,0,0,A-amo,,5.081877999999961,6.48056,14.262631,6.868781,3,huey_suite-20260930T050203Z,,,,"{""concurrency"": 16, ""processes"": 1, ""producer"": ""sync"", ""system"": ""huey"", ""visibility_timeout"": 10, ""worker_type"": ""thread""}",14791.112856999462,7425.393587999679,,,,14058.71752335006,14645.752237690012,,,,huey,30000,1474.431335510878,142.09186046511627,30.7,42.9056,burst-publish
1.8128666666666666,30000,,0,12.924450000355137,1.1838794998766389,1.563208200786903,1.7800766602340432,10.68633936200058,2807.631896801842,10.685161411000081,0.09300899910158478,0.001903999873320572,0.002655000571394339,0.003006000042660162,30000,0,burst,0,0,0,A-amo,,2.600537999999915,2.584048,5.39193,3.469699,3,huey_suite-20260930T050203Z,,,,"{""concurrency"": 16, ""mode"": ""fast"", ""processes"": 1, ""producer"": ""sync"", ""style"": ""sync"", ""system"": ""blitzq"", ""visibility_timeout"": 10}",12.92009100143332,1.1820024992630351,,,,1.5613734988619399,1.778094449837225,,,,blitzq,30000,2807.3224126380096,102.64791666666667,12.379999999999999,38.834176,burst-publish
1.8107333333333333,30000,,0,12.69850700009556,1.1852520001411904,1.5689146996010095,1.8027960314248035,10.65389974900063,2816.0879987518942,10.653076186999897,0.08918999992602039,0.0019740000425372273,0.0026959987735608593,0.002975010811496757,30000,0,burst,0,0,0,A-amo,,2.599228000000039,2.58148,5.389183,3.469653,4,huey_suite-20260930T050203Z,,,,"{""concurrency"": 16, ""mode"": ""fast"", ""processes"": 1, ""producer"": ""sync"", ""style"": ""sync"", ""system"": ""blitzq"", ""visibility_timeout"": 10}",12.693668000792968,1.183321001008153,,,,1.566762149650458,1.8014682999637441,,,,blitzq,30000,2815.870311039307,102.38541666666667,12.35,38.785024,burst-publish
4.011566666666667,30000,,0,14798.504554000829,7449.914336501024,14065.582068748972,14653.398213851067,20.310201484000572,5442.505746189354,5.512166895001428,0.06337199920380954,0.0009420000424142927,0.00149345096360775,0.002154099947802008,30000,0,burst,0,0,0,A-amo,,5.096027999999933,6.472544,14.262518,6.867384,4,huey_suite-20260930T050203Z,,,,"{""concurrency"": 16, ""processes"": 1, ""producer"": ""sync"", ""system"": ""huey"", ""visibility_timeout"": 10, ""worker_type"": ""thread""}",14798.50369199994,7449.91341450077,,,,14065.58111074919,14653.397322450037,,,,huey,30000,1477.0902210710512,143.65764705882353,30.679999999999996,42.868736,burst-publish
1.0186666666666666,30000,,0,63.57526799911284,24.04711700091866,46.79363694895073,53.918799740741555,0.24530007599969395,122786.2227275052,0.24432708600033948,0.04042799992021173,0.0005010006134398282,0.0010720013960963115,0.0019340004655532539,30000,0,burst,0,0,0,B-amo,,0.10169999999993706,3.069144,4.314284,3.640872,0,huey_suite-20260930T050203Z,,,,"{""concurrency"": 200, ""mode"": ""fast"", ""processes"": 4, ""producer"": ""batch"", ""producers"": 4, ""style"": ""async"", ""system"": ""blitzq"", ""visibility_timeout"": 10}",63.57460700019146,24.046646500210045,,,,46.793127949331385,53.918177250971816,,,,blitzq,30000,122299.18754708185,46.666666666666664,0.8599999999999995,158.584832,burst-publish
4.007433333333333,30000,,0,2236.0792479994416,1016.9628935000219,2106.5042468501815,2209.54480604074,5.093210934999661,10488.834891190514,2.8601842159987427,0.1352399995084852,0.0013930002751294523,0.0022549993445863947,0.0028659997042268515,30000,0,burst,0,0,0,B-amo,,4.02829399999996,6.049496,14.258899,6.765358,0,huey_suite-20260930T050203Z,,,,"{""concurrency"": 16, ""processes"": 4, ""producers"": 4, ""system"": ""huey"", ""visibility_timeout"": 10, ""worker_type"": ""thread""}",2236.078186000668,1016.9612800000323,,,,2106.502234900017,2209.5437492309607,,,,huey,30000,5890.193903779875,444.712,28.29,172.146688,burst-publish
4.007433333333333,30000,,0,2161.3470720003534,968.3716745003039,2035.927535650444,2137.554541429508,5.110169956000391,10151.314275820789,2.9552823590001935,0.15074099974299315,0.0013829994713887572,0.002303999281139113,0.0028960002964595333,30000,0,burst,0,0,0,B-amo,,4.074685000000045,6.116184,14.258898,6.761933,1,huey_suite-20260930T050203Z,,,,"{""concurrency"": 16, ""processes"": 4, ""producers"": 4, ""system"": ""huey"", ""visibility_timeout"": 10, ""worker_type"": ""thread""}",2161.345339000036,968.3701865005787,,,,2035.9257646498006,2137.552547348878,,,,huey,30000,5870.646232572721,441.736,28.06,172.1344,burst-publish
1.0203333333333333,30000,,0,52.273011999204755,13.85407849920739,33.64069074887084,39.46854337136756,0.23588939900037076,127574.1095862686,0.2351574320000509,0.03521799953887239,0.0005009987944504246,0.0010210005711996928,0.0019630106180557032,30000,0,burst,0,0,0,B-amo,,0.10269800000014584,2.96116,4.316606,3.628875,1,huey_suite-20260930T050203Z,,,,"{""concurrency"": 200, ""mode"": ""fast"", ""processes"": 4, ""producer"": ""batch"", ""producers"": 4, ""style"": ""async"", ""system"": ""blitzq"", ""visibility_timeout"": 10}",52.27224000009301,13.853447499059257,,,,33.64005224975699,39.46805166975537,,,,blitzq,30000,127178.24593699884,46.666666666666664,0.8399999999999999,157.589504,burst-publish
1.0173333333333334,30000,,0,79.09070200003043,35.678764499607496,76.24454114866239,77.97284715072237,0.2189245089994074,197816.18449314698,0.15165594300015073,0.0627410008746665,0.000490999809699133,0.0009420000424142927,0.0017640913392824441,30000,0,burst,0,0,0,B-amo,,0.10488799999984622,3.133576,4.312422,3.645285,2,huey_suite-20260930T050203Z,,,,"{""concurrency"": 200, ""mode"": ""fast"", ""processes"": 4, ""producer"": ""batch"", ""producers"": 4, ""style"": ""async"", ""system"": ""blitzq"", ""visibility_timeout"": 10}",79.09024099899398,35.67830900010449,,,,76.24407009925562,77.97220634978657,,,,blitzq,30000,137033.5378944767,44.63333333333333,0.7999999999999998,158.543872,burst-publish
4.007433333333333,30000,,0,2104.809041999033,942.0604725000885,1980.4813633005322,2078.030772970087,5.101728745999935,9990.911374489293,3.0027290680009173,0.2283769990754081,0.0013729986676480621,0.00226500014832709,0.002846089919330538,30000,0,burst,0,0,0,B-amo,,4.079613999999765,6.023368,14.258899,6.760077,2,huey_suite-20260930T050203Z,,,,"{""concurrency"": 16, ""processes"": 4, ""producers"": 4, ""system"": ""huey"", ""visibility_timeout"": 10, ""worker_type"": ""thread""}",2104.8079800002597,942.0585589996335,,,,1980.4796954003905,2078.0291553795178,,,,huey,30000,5880.359676809909,439.756,27.98,172.081152,burst-publish
4.007433333333333,30000,,0,2272.0924999994168,1036.6108115013049,2148.32605044985,2247.63603723075,5.139189905999956,10427.130433252958,2.877109881001161,0.15900500147836283,0.001413000063621439,0.00234400067711249,0.0029959992389194667,30000,0,burst,0,0,0,B-amo,,4.046665999999959,6.068312,14.258896,6.76654,3,huey_suite-20260930T050203Z,,,,"{""concurrency"": 16, ""processes"": 4, ""producers"": 4, ""system"": ""huey"", ""visibility_timeout"": 10, ""worker_type"": ""thread""}",2272.091487999205,1036.609624000448,,,,2148.32407085014,2247.634599050088,,,,huey,30000,5837.495898911087,450.18,28.59,171.798528,burst-publish
1.0181666666666667,30000,,0,57.40762500136043,13.814889000059338,44.32994965027319,48.521524570860485,0.22582278699883318,133417.6040425983,0.22485788300036802,0.05673400119121652,0.0005010006134398282,0.0009420000424142927,0.001784101132216149,30000,0,burst,0,0,0,B-amo,,0.10050700000010693,3.087088,4.313616,3.62914,3,huey_suite-20260930T050203Z,,,,"{""concurrency"": 200, ""mode"": ""fast"", ""processes"": 4, ""producer"": ""batch"", ""producers"": 4, ""style"": ""async"", ""system"": ""blitzq"", ""visibility_timeout"": 10}",57.40703400078928,13.81420750021789,,,,44.329431649839535,48.52104942983715,,,,blitzq,30000,132847.5323447098,45.4,0.84,159.08864,burst-publish
1.0173,30000,,0,86.4876860014192,41.739895999853616,78.69397255017248,82.36726962097237,0.2268520540001191,187369.45267745754,0.1601114779987256,0.5344439996406436,0.0005010006134398282,0.0009820014383876696,0.0018140999054594273,30000,0,burst,0,0,0,B-amo,,0.09485099999983504,3.210488,4.312407,3.645998,4,huey_suite-20260930T050203Z,,,,"{""concurrency"": 200, ""mode"": ""fast"", ""processes"": 4, ""producer"": ""batch"", ""producers"": 4, ""style"": ""async"", ""system"": ""blitzq"", ""visibility_timeout"": 10}",86.48705500127107,41.73915950013907,,,,78.6934650495823,82.36613014078102,,,,blitzq,30000,132244.78011552079,46.93333333333334,0.8499999999999999,159.367168,burst-publish
4.007466666666667,30000,,0,2181.670583000596,1003.9754940007697,2056.741877398599,2157.9075425709925,5.110401695999826,10221.45025468762,2.9350042559999565,0.25807699967117514,0.0013830012903781608,0.0022849999368190765,0.002894999852287583,30000,0,burst,0,0,0,B-amo,,4.065177000000176,6.140152,14.258912,6.764163,4,huey_suite-20260930T050203Z,,,,"{""concurrency"": 16, ""processes"": 4, ""producers"": 4, ""system"": ""huey"", ""visibility_timeout"": 10, ""worker_type"": ""thread""}",2181.6694110002572,1003.973951500484,,,,2056.7407723994615,2157.9060934795416,,,,huey,30000,5870.380017970513,445.39599999999996,28.34,171.925504,burst-publish
2.0136,20000,,0,12.601717000507051,1.3584980006271508,2.0579106988407143,2.515346869367929,7.320749538999735,2732.3847025915734,7.319613515999663,0.04089799949724693,0.0019740000425372273,0.0027659989427775145,0.0030859991966281086,20000,0,multiqueue,0,0,0,A-amo,,1.9091960000000654,2.578904,3.578588,2.316315,0,huey_suite-20260930T050203Z,,,,"{""concurrency"": 16, ""mode"": ""fast"", ""processes"": 1, ""producer"": ""sync"", ""style"": ""sync"", ""system"": ""blitzq"", ""visibility_timeout"": 10}",12.596818000019994,1.3566000006903778,1.356663000478875,1.3565640001615975,1.3550640014727833,2.0558714994876937,2.5141054705818515,2.3938316999192466,2.993346320890854,2.7352344197788625,blitzq,20000,2731.960695206721,98.07941176470588,8.39,38.363136,multi-queue-uneven
4.03485,20000,,0,7108.631901999615,2649.1286615000718,6663.736555648666,7022.31321352874,11.041512030000376,5083.91996435722,3.9339722380009334,0.06021499939379282,0.0009310006134910509,0.0016129997675307095,0.0023450893058907098,20000,0,multiqueue,0,0,0,A-amo,,3.5332700000001296,5.379784,9.268011,4.442016,0,huey_suite-20260930T050203Z,,,,"{""concurrency"": 16, ""processes"": 1, ""producer"": ""sync"", ""system"": ""huey"", ""visibility_timeout"": 10, ""worker_type"": ""thread""}",7108.63106099896,2649.1277650002303,3528.337512998405,0.4462375000002794,0.4641579998860834,6663.735694649495,7022.3119347500315,7037.938476699128,1.4454932701119119,0.7217935397784456,huey,20000,1811.3461223117754,151.01666666666668,18.310000000000002,128.319488,multi-queue-uneven
4.0362,20000,,0,6928.003489998446,2662.5209245003134,6498.448362000817,6843.648790561019,10.892789759998777,5043.202525086855,3.965734055000212,0.0573799989069812,0.0009119994501816109,0.001562999386806041,0.002213999323430471,20000,0,multiqueue,0,0,0,A-amo,,3.5073849999998856,5.366016,9.268603,4.442074,1,huey_suite-20260930T050203Z,,,,"{""concurrency"": 16, ""processes"": 1, ""producer"": ""sync"", ""system"": ""huey"", ""visibility_timeout"": 10, ""worker_type"": ""thread""}",6928.002557999207,2662.519512000472,3517.1221440004956,0.4461150001588976,0.4672449995268835,6498.447510449387,6843.647985159514,6859.954997249588,1.4800005203505864,0.7711588005622627,huey,20000,1836.076931682398,150.0625,18.189999999999998,129.011712,multi-queue-uneven
2.00375,20000,,0,13.115441000991268,1.341840000350203,2.02129420122219,2.469201640342359,7.227323187000366,2767.631829381535,7.226394706000065,0.12207500003569294,0.001903999873320572,0.0026849993446376175,0.0030460896232398084,20000,0,multiqueue,0,0,0,A-amo,,1.8823789999999008,2.58024,3.569562,2.313325,1,huey_suite-20260930T050203Z,,,,"{""concurrency"": 16, ""mode"": ""fast"", ""processes"": 1, ""producer"": ""sync"", ""style"": ""sync"", ""system"": ""blitzq"", ""visibility_timeout"": 10}",13.111373000356252,1.3399789995673927,1.3401425003394252,1.3499340002454119,1.2957279996044235,2.0196531003421114,2.4674172492086623,2.3342587496699707,3.0251454608151125,2.7200854795228233,blitzq,20000,2767.2762767788745,96.8970588235294,8.290000000000001,38.342656,multi-queue-uneven
2.00415,20000,,0,12.92752900008054,1.3560079996750574,2.053169850660197,2.521899390485485,7.228856825000548,2767.0052368648066,7.228031134000048,0.04479600102058612,0.0018339997041039169,0.0025650006136856973,0.0028960002964595333,20000,0,multiqueue,0,0,0,A-amo,,1.876213000000007,2.570608,3.570594,2.31406,2,huey_suite-20260930T050203Z,,,,"{""concurrency"": 16, ""mode"": ""fast"", ""processes"": 1, ""producer"": ""sync"", ""style"": ""sync"", ""system"": ""blitzq"", ""visibility_timeout"": 10}",12.923079999382026,1.3543269988076645,1.355079000859405,1.3548220013035461,1.334777000010945,2.0516567998129176,2.5194606104196255,2.4232788386871102,2.9605111602359093,2.8653468401171245,blitzq,20000,2766.68918532613,97.02058823529411,8.299999999999999,38.825984,multi-queue-uneven
4.0354,20000,,0,6893.183217000114,2620.2902879995236,6472.241519401541,6809.81211748878,10.855136187001335,5047.3607639774455,3.9624669080003514,0.06376300007104874,0.0009420000424142927,0.0015830009942874312,0.0022250905567488956,20000,0,multiqueue,0,0,0,A-amo,,3.5004059999998844,5.370184,9.268759,4.442004,2,huey_suite-20260930T050203Z,,,,"{""concurrency"": 16, ""processes"": 1, ""producer"": ""sync"", ""system"": ""huey"", ""visibility_timeout"": 10, ""worker_type"": ""thread""}",6893.182285000876,2620.289090499682,3475.89397900083,0.44727700151270255,0.4664685002353508,6472.240560901627,6809.811215400112,6826.657126179234,1.5177595593559088,0.7385076599530284,huey,20000,1842.445792983172,149.31875,18.1,128.45056,multi-queue-uneven
4.03585,20000,,0,6919.646950000242,2660.2916019992335,6502.458280098563,6832.917863128623,10.900657029000286,5023.195494299095,3.9815292920011416,0.034185999538749456,0.0009409995982423425,0.0015330006135627627,0.00220399853787967,20000,0,multiqueue,0,0,0,A-amo,,3.5014840000001186,5.357768,9.268372,4.442043,3,huey_suite-20260930T050203Z,,,,"{""concurrency"": 16, ""processes"": 1, ""producer"": ""sync"", ""system"": ""huey"", ""visibility_timeout"": 10, ""worker_type"": ""thread""}",6919.646078000369,2660.290695499498,3510.7637170003727,0.4447129995241994,0.46652849960082676,6502.457413549837,6832.9170123289805,6848.4128062205855,1.2340620393661041,0.7212068594708397,huey,20000,1834.751790354625,149.35625000000002,18.11,128.540672,multi-queue-uneven
2.0065,20000,,0,13.070270000753226,1.353024500531319,2.0507967494268087,2.493596160475135,7.295144491999963,2741.8817094452993,7.294260701000894,0.23323699861066416,0.001993999831029214,0.0027650003175949678,0.003176000973326154,20000,0,multiqueue,0,0,0,A-amo,,1.8884319999999661,2.565304,3.572,2.313909,3,huey_suite-20260930T050203Z,,,,"{""concurrency"": 16, ""mode"": ""fast"", ""processes"": 1, ""producer"": ""sync"", ""style"": ""sync"", ""system"": ""blitzq"", ""visibility_timeout"": 10}",13.065871999060619,1.35107799906109,1.34903599973768,1.369108000289998,1.3554930001191678,2.04907709858162,2.4915632710690256,2.3622603608237114,3.0018829396431066,3.029064069014566,blitzq,20000,2741.5495363981477,97.72647058823529,8.36,38.694912,multi-queue-uneven
2.01405,20000,,0,13.090921000184608,1.3428615002339939,2.02632019891098,2.505572020618269,7.268823516000339,2751.9092831915045,7.267681432000245,0.06533600026159547,0.0019229992176406085,0.002675000359886326,0.0030350001907208934,20000,0,multiqueue,0,0,0,A-amo,,1.8896389999999883,2.577616,3.579234,2.316688,4,huey_suite-20260930T050203Z,,,,"{""concurrency"": 16, ""mode"": ""fast"", ""processes"": 1, ""producer"": ""sync"", ""style"": ""sync"", ""system"": ""blitzq"", ""visibility_timeout"": 10}",13.085520000458928,1.3411124991762335,1.3399034996837145,1.3491424997482682,1.3431904999379185,2.02438529840947,2.503699890767162,2.387002011128058,2.9431365103846465,3.0124236502160775,blitzq,20000,2751.4769007632995,97.38529411764705,8.33,38.391808,multi-queue-uneven
4.0355,20000,,0,6956.281656999636,2632.0283475006363,6531.869460949928,6872.764947459144,10.919207582001036,5046.308330232726,3.963293301001613,0.03374500010977499,0.0009319992386735976,0.0015420009731315076,0.0021739997464464977,20000,0,multiqueue,0,0,0,A-amo,,3.504598999999871,5.354256,9.268952,4.442028,4,huey_suite-20260930T050203Z,,,,"{""concurrency"": 16, ""processes"": 1, ""producer"": ""sync"", ""system"": ""huey"", ""visibility_timeout"": 10, ""worker_type"": ""thread""}",6956.280774998959,2632.0272710008794,3498.7197425007253,0.44345199967210647,0.4632500003936002,6531.868570948881,6872.763510280291,6891.666496030102,1.4113107711091288,0.6920442007867673,huey,20000,1831.6347454523648,149.84375,18.17,128.331776,multi-queue-uneven
1.05535,20000,,0,29.796617000101833,14.029038999979093,23.677251198660088,25.870706001260256,0.2035385369999858,98049.02106970712,0.20397959899855778,0.049778000175138004,0.0005109995981911197,0.0012420005077729002,0.002214201122114869,20000,0,multiqueue,0,0,0,B-amo,,0.09482600000023922,3.174376,2.749407,2.320524,0,huey_suite-20260930T050203Z,,,,"{""concurrency"": 200, ""mode"": ""fast"", ""processes"": 4, ""producer"": ""batch"", ""producers"": 4, ""style"": ""async"", ""system"": ""blitzq"", ""visibility_timeout"": 10}",29.79438300098991,14.028368000253977,16.504600000189384,11.322571001073811,12.023008000142,23.67638624982646,25.869845010365676,25.446027360012522,29.0004765402773,24.513648870197358,blitzq,20000,98261.4904026818,37.36666666666667,0.6199999999999998,156.225536,multi-queue-uneven
4.02395,20000,,0,27.623975000096834,1.322656999946048,2.5676435494460743,7.966072960280129,3.398832979000872,5884.803151662896,3.398584368000229,0.4649340007745195,0.0010819985618581995,0.0021939995349384844,0.0029450102192640753,20000,0,multiqueue,0,0,0,B-amo,,3.3986829999998918,10.204952,9.259387,4.349894,0,huey_suite-20260930T050203Z,,,,"{""concurrency"": 16, ""processes"": 4, ""producers"": 4, ""system"": ""huey"", ""visibility_timeout"": 10, ""worker_type"": ""thread""}",27.623063000646653,1.3211505001891055,1.3867550005670637,1.1195400002179667,1.107836999835854,2.566689050308923,7.965217639193712,8.692317239074326,2.1417256813583654,2.2811704793821224,huey,20000,5884.372701914656,225.61111111111114,10.7,513.04448,multi-queue-uneven
4.0235,20000,,0,10.075917998619843,1.321083000220824,2.2863184001835175,3.1418292687339986,3.429997772000206,5831.39788120187,3.4297093779987335,0.44022400106769055,0.0010720013960963115,0.0020740008039865643,0.002745010533544699,20000,0,multiqueue,0,0,0,B-amo,,3.4320329999998194,10.072688,9.259257,4.349768,1,huey_suite-20260930T050203Z,,,,"{""concurrency"": 16, ""processes"": 4, ""producers"": 4, ""system"": ""huey"", ""visibility_timeout"": 10, ""worker_type"": ""thread""}",10.074935999000445,1.3197715006754152,1.3833430002705427,1.1368714995114715,1.0930625003311434,2.285022800333536,3.140708368791819,3.2467110195102564,2.1977829309435037,2.255315740167134,huey,20000,5830.907577627079,223.93888888888893,10.6,512.446464,multi-queue-uneven
1.05335,20000,,0,29.09210100006021,10.893906500314188,21.587719599665434,23.531424530065124,0.18786838899904978,106458.8890075224,0.18786594700031856,0.04027800059702713,0.000490999809699133,0.0013019998732488602,0.002314998728252249,20000,0,multiqueue,0,0,0,B-amo,,0.09125799999992523,3.181,2.747706,2.31555,1,huey_suite-20260930T050203Z,,,,"{""concurrency"": 200, ""mode"": ""fast"", ""processes"": 4, ""producer"": ""batch"", ""producers"": 4, ""style"": ""async"", ""system"": ""blitzq"", ""visibility_timeout"": 10}",29.091430000335095,10.89343550029298,10.635994000040228,11.691531500218844,13.377358999605349,21.58727380028722,23.530765229315875,23.241309520872164,24.88072625037603,29.00504730954708,blitzq,20000,106457.50520648345,40.78333333333333,0.6199999999999999,156.790784,multi-queue-uneven
1.0507,20000,,0,46.477535001031356,20.085137999558356,34.15423904943964,42.21811969067856,0.1809344939993025,110275.71619844514,0.1813635919988883,0.07987299977685325,0.0005209985829424113,0.001311998948949622,0.0023539996618637815,20000,0,multiqueue,0,0,0,B-amo,,0.0918699999999717,3.229976,2.745365,2.324525,2,huey_suite-20260930T050203Z,,,,"{""concurrency"": 200, ""mode"": ""fast"", ""processes"": 4, ""producer"": ""batch"", ""producers"": 4, ""style"": ""async"", ""system"": ""blitzq"", ""visibility_timeout"": 10}",46.476934001475456,20.084646999748657,22.789069999817002,13.212139999268402,12.792462499419344,34.148220449515065,42.21755949069119,42.98982563939717,27.423697689864635,26.36699525075528,blitzq,20000,110537.24227994414,41.6,0.6299999999999998,157.007872,multi-queue-uneven
4.0234,20000,,0,16.125780000947998,1.3319049994606758,2.3480120492422416,4.124071730839201,3.4501114489994507,5797.5355805008285,3.449741657001141,0.43274199924780987,0.0010620005923556164,0.002153999957954511,0.0029159982841520105,20000,0,multiqueue,0,0,0,B-amo,,3.455173000000059,10.198992,9.259166,4.349857,2,huey_suite-20260930T050203Z,,,,"{""concurrency"": 16, ""processes"": 4, ""producers"": 4, ""system"": ""huey"", ""visibility_timeout"": 10, ""worker_type"": ""thread""}",16.12420700075745,1.3305750007930328,1.394082501064986,1.1379699999451987,1.1192009997103014,2.346976851367799,4.122560210817026,4.896902089167269,2.166610169279009,2.2138462594739385,huey,20000,5796.914185424386,224.84444444444446,10.7,513.253376,multi-queue-uneven
4.02255,20000,,0,11.460650999651989,1.325338500464568,2.234487801160867,2.9615241493047484,3.4649150900004315,5772.507865240267,3.4646986139996443,0.4241959995852085,0.0010620005923556164,0.0021939995349384844,0.0028760904933733257,20000,0,multiqueue,0,0,0,B-amo,,3.4627029999999195,10.098576,9.25867,4.349792,3,huey_suite-20260930T050203Z,,,,"{""concurrency"": 16, ""processes"": 4, ""producers"": 4, ""system"": ""huey"", ""visibility_timeout"": 10, ""worker_type"": ""thread""}",11.459699000624823,1.3239145000625285,1.3861739989806665,1.1438460005592788,1.1084814996138448,2.2331001008751628,2.958692999709453,3.0790477207483486,2.153990960505326,2.2619925602703006,huey,20000,5772.147218764171,221.97777777777782,10.540000000000001,512.08192,multi-queue-uneven
1.05035,20000,,0,37.64984400004323,14.269138499912515,32.380744550573574,35.109924620446684,0.1729257900005905,115471.42569242383,0.17320302299958712,0.10162499893340282,0.0005010006134398282,0.0012019991117995232,0.002194009539380202,20000,0,multiqueue,0,0,0,B-amo,,0.09210899999993671,3.097384,2.745186,2.319562,3,huey_suite-20260930T050203Z,,,,"{""concurrency"": 200, ""mode"": ""fast"", ""processes"": 4, ""producer"": ""batch"", ""producers"": 4, ""style"": ""async"", ""system"": ""blitzq"", ""visibility_timeout"": 10}",37.6492129998951,14.268682500187424,17.001529999106424,13.20545199996559,13.143160499566875,32.379989551191095,35.109181620118754,35.35650703990541,26.687709799516597,28.966841829533223,blitzq,20000,115656.54839530707,37.583333333333336,0.6299999999999998,157.384704,multi-queue-uneven
1.04525,20000,,0,53.78216200006136,29.60804750000534,49.330324099173595,52.49007486900153,0.15826821299924632,159947.29289016727,0.1250411909986724,0.057590999858803116,0.0005010006134398282,0.0011020001693395898,0.0020739990031870548,20000,0,multiqueue,0,0,0,B-amo,,0.07844900000009147,3.300008,2.740544,2.327609,4,huey_suite-20260930T050203Z,,,,"{""concurrency"": 200, ""mode"": ""fast"", ""processes"": 4, ""producer"": ""batch"", ""producers"": 4, ""style"": ""async"", ""system"": ""blitzq"", ""visibility_timeout"": 10}",53.781509999680566,29.60695400088298,33.8960835006219,13.303955999617756,12.916746999508177,49.32977559901701,52.4894438688534,52.641645340772804,27.180052299627274,28.056966898511746,blitzq,20000,126367.76280588472,39.5,0.5999999999999998,157.270016,multi-queue-uneven
4.0233,20000,,0,10.907951998888166,1.321875500252645,2.1937426497970587,2.8501584711375436,3.4794014430008247,5748.444614597676,3.4792020000004413,0.4437670013430761,0.0010720013960963115,0.002064000000245869,0.0027549995320441667,20000,0,multiqueue,0,0,0,B-amo,,3.4821649999998954,10.124784,9.259268,4.349836,4,huey_suite-20260930T050203Z,,,,"{""concurrency"": 16, ""processes"": 4, ""producers"": 4, ""system"": ""huey"", ""visibility_timeout"": 10, ""worker_type"": ""thread""}",10.906829998930334,1.3207480005803518,1.383347000228241,1.1433284998929594,1.1092904996985453,2.1921446012129304,2.849285041247637,2.943808378859101,2.1569953012658503,2.157266069571052,huey,20000,5748.115107623486,220.16666666666669,10.46,512.954368,multi-queue-uneven
6.665,5000,,0,1245.7358380015648,526.3338855002075,1168.8195492991326,1230.8008578492265,2.6417687049997767,2697.1000852161465,1.853842958000314,0.04121899837628007,0.001203001374960877,0.00291600008495152,0.0038469988794531673,7500,2500,retry,0,0,0,A-amo,,0.5589709999999286,2.843784,1.988966,1.085831,0,huey_suite-20260930T050203Z,,,,"{""concurrency"": 16, ""mode"": ""fast"", ""processes"": 1, ""producer"": ""sync"", ""style"": ""sync"", ""system"": ""blitzq"", ""visibility_timeout"": 10}",1245.7324110000627,526.3325130008525,,,,1168.817500899513,1230.79881426047,,,,blitzq,5000,1892.671372227654,48.0,1.9300000000000002,39.161856,retry-heavy
6.5324,5000,,0,7358.955935000267,5554.652981999425,7279.792401601117,7342.269465600748,8.30062926699975,5300.193549496959,0.9433617760005291,0.043654001274262555,0.0012019991117995232,0.0021140003809705377,0.0027760997545556187,7500,2500,retry,0,0,0,A-amo,,1.7648039999999128,3.777088,4.530274,2.539369,0,huey_suite-20260930T050203Z,,,,"{""concurrency"": 16, ""processes"": 1, ""producer"": ""sync"", ""system"": ""huey"", ""visibility_timeout"": 10, ""worker_type"": ""thread""}",7358.954993000225,5554.651409499456,,,,7279.7908956506035,7342.26845330053,,,,huey,5000,602.3639701484034,79.2891891891892,7.369999999999999,44.507136,retry-heavy
6.5324,5000,,0,7279.728544999671,5487.37128599987,7202.217102948725,7262.637686779108,8.228048802999183,5264.369741570206,0.9497813119996863,0.06067600043024868,0.0011419997463235632,0.002054449214483613,0.0027452005269879057,7500,2500,retry,0,0,0,A-amo,,1.7594380000000456,3.88764,4.530259,2.539402,1,huey_suite-20260930T050203Z,,,,"{""concurrency"": 16, ""processes"": 1, ""producer"": ""sync"", ""system"": ""huey"", ""visibility_timeout"": 10, ""worker_type"": ""thread""}",7279.7276330002205,5487.3701384995,,,,7202.216169949406,7262.635872988831,,,,huey,5000,607.677484627639,77.78648648648648,7.23,44.613632,retry-heavy
6.6152,5000,,0,1195.3632620006829,487.6272584997423,1121.3046090002535,1180.131117441215,2.6038794119995146,2698.7709042195524,1.8526952369993523,0.05417399916041177,0.0012719992810161784,0.0027659990337269846,0.003647200974228331,7500,2500,retry,0,0,0,A-amo,,0.5511659999999665,2.807528,1.978214,1.08269,1,huey_suite-20260930T050203Z,,,,"{""concurrency"": 16, ""mode"": ""fast"", ""processes"": 1, ""producer"": ""sync"", ""style"": ""sync"", ""system"": ""blitzq"", ""visibility_timeout"": 10}",1195.3621490010846,487.62590600017575,,,,1121.3034449495353,1180.1300754404112,,,,blitzq,5000,1920.2118104849212,50.14666666666667,1.8900000000000001,38.998016,retry-heavy
6.6584,5000,,0,1311.4028250001866,571.3609254989933,1235.3270737007733,1295.2968077500736,2.651829992000785,2742.885664853903,1.8228977110011328,0.02898700040532276,0.0012119999155402184,0.0029550509680120744,0.003988299667980761,7500,2500,retry,0,0,0,A-amo,,0.5511400000000322,2.822976,1.987111,1.084244,2,huey_suite-20260930T050203Z,,,,"{""concurrency"": 16, ""mode"": ""fast"", ""processes"": 1, ""producer"": ""sync"", ""style"": ""sync"", ""system"": ""blitzq"", ""visibility_timeout"": 10}",1311.4005610004824,571.3597334988663,,,,1235.3251258008643,1295.2958044296429,,,,blitzq,5000,1885.4904028849676,50.92666666666666,1.92,38.813696,retry-heavy
6.5322,5000,,0,7185.436874000516,5406.877179500043,7108.470852199298,7170.445632919509,8.118874298999799,5350.789274538923,0.9344415830000798,0.03227800152671989,0.0011629999789875,0.0020240004232618958,0.002675100349733841,7500,2500,retry,0,0,0,A-amo,,1.7504330000001573,3.781144,4.530238,2.539382,2,huey_suite-20260930T050203Z,,,,"{""concurrency"": 16, ""processes"": 1, ""producer"": ""sync"", ""system"": ""huey"", ""visibility_timeout"": 10, ""worker_type"": ""thread""}",7185.4359219996695,5406.875932500952,,,,7108.469920150401,7170.444690819459,,,,huey,5000,615.8489238607835,77.12972972972973,7.17,44.46208,retry-heavy
6.5324,5000,,0,7272.957799999858,5484.41241349974,7192.758845599019,7255.189499319331,8.208391296999253,5342.993265695431,0.9358050349983387,0.036003999412059784,0.0011429983715061098,0.0020945005417161173,0.002804999912768835,7500,2500,retry,0,0,0,A-amo,,1.746686999999838,3.757552,4.530251,2.539371,3,huey_suite-20260930T050203Z,,,,"{""concurrency"": 16, ""processes"": 1, ""producer"": ""sync"", ""system"": ""huey"", ""visibility_timeout"": 10, ""worker_type"": ""thread""}",7272.956337999858,5484.410931000639,,,,7192.757821099804,7255.1885774290895,,,,huey,5000,609.1327544080231,77.67027027027028,7.219999999999999,44.761088,retry-heavy
6.66,5000,,0,1216.5381619997788,498.6713830003282,1143.219545348802,1198.8587442695643,2.6117135399999825,2702.436378326733,1.850182317000872,0.08263899871963076,0.001263000740436837,0.002824999683070928,0.003567100011423465,7500,2500,retry,0,0,0,A-amo,,0.5512630000000627,2.811384,1.987253,1.08417,3,huey_suite-20260930T050203Z,,,,"{""concurrency"": 16, ""mode"": ""fast"", ""processes"": 1, ""producer"": ""sync"", ""style"": ""sync"", ""system"": ""blitzq"", ""visibility_timeout"": 10}",1216.5370189995883,498.6696745008885,,,,1143.2184918490748,1198.8576086591638,,,,blitzq,5000,1914.4519195623704,50.940000000000005,1.92,38.735872,retry-heavy
6.6662,5000,,0,1260.2722289993835,534.4322680002733,1189.5766254492628,1245.5918617200405,2.5983948479988612,2780.039392336496,1.7985356659992249,0.031597999623045325,0.001212001734529622,0.002724999012571061,0.003597100621846041,7500,2500,retry,0,0,0,A-amo,,0.5467620000001716,2.873256,1.989947,1.08482,4,huey_suite-20260930T050203Z,,,,"{""concurrency"": 16, ""mode"": ""fast"", ""processes"": 1, ""producer"": ""sync"", ""style"": ""sync"", ""system"": ""blitzq"", ""visibility_timeout"": 10}",1260.2696640005888,534.4300634997126,,,,1189.575526949102,1245.5907506190852,,,,blitzq,5000,1924.2648990975028,50.14666666666666,1.8900000000000001,38.785024,retry-heavy
6.5316,5000,,0,7179.966816998785,5389.210235000064,7102.101014598975,7163.844374839774,8.120351859999573,5312.701887656507,0.9411407049992704,0.029360999178607017,0.0011620013538049534,0.0020644499272748375,0.002605100180517186,7500,2500,retry,0,0,0,A-amo,,1.758250999999973,3.779056,4.530118,2.537902,4,huey_suite-20260930T050203Z,,,,"{""concurrency"": 16, ""processes"": 1, ""producer"": ""sync"", ""system"": ""huey"", ""visibility_timeout"": 10, ""worker_type"": ""thread""}",7179.96584499997,5389.208541999324,,,,7102.100000099563,7163.843481440108,,,,huey,5000,615.7368653727602,79.03611111111111,7.15,44.675072,retry-heavy
6.3492,5000,,0,510.5238249998365,406.4373160008472,461.3032423514597,497.37464946947523,0.5424427830002969,128171.2187023932,0.039010317999782274,0.03881500015268102,0.0018940008885692805,0.0029259990697028115,0.0036870987605652794,7500,2500,retry,0,0,0,B-amo,,0.1338989999999285,3.3962,1.957078,1.120401,0,huey_suite-20260930T050203Z,,,,"{""concurrency"": 200, ""mode"": ""fast"", ""processes"": 4, ""producer"": ""batch"", ""producers"": 4, ""style"": ""async"", ""system"": ""blitzq"", ""visibility_timeout"": 10}",510.5222620004497,406.4368500003184,,,,461.30180940081124,497.372174180273,,,,blitzq,5000,9217.562029942728,54.82857142857143,0.9699999999999999,154.333184,retry-heavy
6.5312,5000,,0,2092.8511760012043,1211.3799524995557,2060.707706549965,2085.666254050466,2.5568645210005343,10714.083508936532,0.46667547399920295,0.04602800072461832,0.001503000021330081,0.003086001015617512,0.0038480911462102103,7500,2500,retry,0,0,0,B-amo,,1.5505819999998494,5.033328,4.530809,2.501339,0,huey_suite-20260930T050203Z,,,,"{""concurrency"": 16, ""processes"": 4, ""producers"": 4, ""system"": ""huey"", ""visibility_timeout"": 10, ""worker_type"": ""thread""}",2092.849684000612,1211.3779934998092,,,,2060.7066780499736,2085.665320451226,,,,huey,5000,1955.5201141605403,187.66,7.12,178.2784,retry-heavy
6.5312,5000,,0,2108.260598000925,1246.6529550010819,2077.217156151164,2099.6031878902613,2.5735351229996013,10375.115926912908,0.48192232599831186,0.09306799984187819,0.0015529994925600477,0.0029865002034057415,0.003887300281348877,7500,2500,retry,0,0,0,B-amo,,1.5591109999998025,5.336976,4.530804,2.501298,1,huey_suite-20260930T050203Z,,,,"{""concurrency"": 16, ""processes"": 4, ""producers"": 4, ""system"": ""huey"", ""visibility_timeout"": 10, ""worker_type"": ""thread""}",2108.2591350004805,1246.6515930000241,,,,2077.2162061511153,2099.6017779001886,,,,huey,5000,1942.8528312340327,190.77333333333334,7.24,177.778688,retry-heavy
6.4438,5000,,0,498.25108199911483,399.19157399981486,450.6765979500415,483.39346030958046,0.5466749119987071,91319.02700204702,0.05475310200017702,0.03247200038458686,0.0019340004655532539,0.0030360006348928437,0.0043381004979892186,7500,2500,retry,0,0,0,B-amo,,0.14114300000005642,3.371296,1.985485,1.125575,1,huey_suite-20260930T050203Z,,,,"{""concurrency"": 200, ""mode"": ""fast"", ""processes"": 4, ""producer"": ""batch"", ""producers"": 4, ""style"": ""async"", ""system"": ""blitzq"", ""visibility_timeout"": 10}",498.24960899968573,399.1898254998887,,,,450.6750634494893,483.3911917204387,,,,blitzq,5000,9146.203511917929,57.142857142857146,1.0099999999999998,154.226688,retry-heavy
6.35,5000,,0,450.3100430010818,359.24797899951955,435.80060439926467,444.7905226808143,0.5415832630005752,51327.23767617218,0.09741416500037303,0.13164300071366597,0.0019340004655532539,0.002966450392705157,0.003727200146386172,7500,2500,retry,0,0,0,B-amo,,0.1351510000001781,3.380824,1.956624,1.119551,2,huey_suite-20260930T050203Z,,,,"{""concurrency"": 200, ""mode"": ""fast"", ""processes"": 4, ""producer"": ""batch"", ""producers"": 4, ""style"": ""async"", ""system"": ""blitzq"", ""visibility_timeout"": 10}",450.30795900129306,359.2457350005134,,,,435.7993587984311,444.79003198099235,,,,blitzq,5000,9232.1907665649,55.32857142857143,0.9799999999999998,153.86624,retry-heavy
6.5312,5000,,0,2123.722402999192,1277.4970575001134,2092.350942599296,2115.456005109773,2.5660979180011054,10887.152346939482,0.4592569150008785,0.11154499952681363,0.0015429995983140543,0.003006450060638601,0.003927209854737161,7500,2500,retry,0,0,0,B-amo,,1.5325619999998707,5.121912,4.530786,2.50172,2,huey_suite-20260930T050203Z,,,,"{""concurrency"": 16, ""processes"": 4, ""producers"": 4, ""system"": ""huey"", ""visibility_timeout"": 10, ""worker_type"": ""thread""}",2123.721009998917,1277.4951790006526,,,,2092.3498595487217,2115.4548234200047,,,,huey,5000,1948.483713316292,187.17333333333332,7.1,177.29536,retry-heavy
6.531,5000,,0,2078.302423999048,1206.1455074999685,2042.5197313514216,2070.1789888198437,2.5399996169999213,10732.049609780457,0.46589423099976557,0.05456399958347902,0.0014929992175893858,0.0029550010367529467,0.003858100135403222,7500,2500,retry,0,0,0,B-amo,,1.5425829999999223,5.297504,4.530785,2.501406,3,huey_suite-20260930T050203Z,,,,"{""concurrency"": 16, ""processes"": 4, ""producers"": 4, ""system"": ""huey"", ""visibility_timeout"": 10, ""worker_type"": ""thread""}",2078.300990999196,1206.142035999619,,,,2042.5187663498034,2070.1780082106598,,,,huey,5000,1968.5042338335734,189.2133333333333,7.17,177.061888,retry-heavy
6.3618,5000,,0,508.2494680009404,404.69585550090414,457.7168101007374,494.4312875704237,0.5428239350003423,118483.78012769087,0.04219986899988726,0.03604900120990351,0.001913000232889317,0.002824999683070928,0.003405999450478703,7500,2500,retry,0,0,0,B-amo,,0.13594499999999243,3.401944,1.960529,1.121107,3,huey_suite-20260930T050203Z,,,,"{""concurrency"": 200, ""mode"": ""fast"", ""processes"": 4, ""producer"": ""batch"", ""producers"": 4, ""style"": ""async"", ""system"": ""blitzq"", ""visibility_timeout"": 10}",508.2473639995442,404.69532950100984,,,,457.71473464947127,494.4291988816259,,,,blitzq,5000,9211.089779961245,54.31428571428571,0.9599999999999997,154.140672,retry-heavy
6.397,5000,,0,447.530730998551,324.8289070006649,429.2731064495456,446.9103310596438,0.5415852879996237,38142.4446379748,0.1310875599992869,0.019337001504027285,0.001903999873320572,0.002905050587287406,0.0036474009721132548,7500,2500,retry,0,0,0,B-amo,,0.14013699999986784,3.302488,1.971724,1.122419,4,huey_suite-20260930T050203Z,,,,"{""concurrency"": 200, ""mode"": ""fast"", ""processes"": 4, ""producer"": ""batch"", ""producers"": 4, ""style"": ""async"", ""system"": ""blitzq"", ""visibility_timeout"": 10}",447.52935899850854,324.82713850004075,,,,429.2726624500574,446.90983075903205,,,,blitzq,5000,9232.156247204917,55.457142857142856,0.9799999999999996,153.43616,retry-heavy
6.5312,5000,,0,2104.823251000198,1244.4372640002257,2079.952894100097,2098.456758549837,2.5462236659986957,11202.185325892875,0.4463414820002072,0.059083000451209955,0.0014229990483727306,0.0027964495529886352,0.0037782009530928965,7500,2500,retry,0,0,0,B-amo,,1.550391000000218,5.097168,4.530794,2.501034,4,huey_suite-20260930T050203Z,,,,"{""concurrency"": 16, ""processes"": 4, ""producers"": 4, ""system"": ""huey"", ""visibility_timeout"": 10, ""worker_type"": ""thread""}",2104.8222789995634,1244.4351354997707,,,,2079.951948100097,2098.45579705001,,,,huey,5000,1963.6923757987572,188.55333333333334,7.15,177.799168,retry-heavy
13.9068,5000,,0,2002.9044469993096,2001.6352265001842,2002.1286233503815,2002.3778378089628,4.136823855998955,2341.6289817397283,2.1352656799990655,0.046488999942084774,0.001963999238796532,0.0027959995350101963,0.003256100117141616,5000,0,scheduled,0,0,0,A-amo,,0.7880929999998898,4.765752,2.809159,0.946522,0,huey_suite-20260930T050203Z,1.6334689998984686,2.1265776988911966,2.3759991896986326,"{""concurrency"": 16, ""mode"": ""fast"", ""processes"": 1, ""producer"": ""sync"", ""style"": ""sync"", ""system"": ""blitzq"", ""visibility_timeout"": 10}",2002.9015519994573,2001.6334689998985,,,,2002.126577698891,2002.3759991896989,,,,blitzq,5000,1208.656731359089,44.14545454545455,2.44,38.412288,scheduled
7.0262,5000,,0,5714.858032999473,4037.309117999939,5550.514615398789,5681.632422551011,6.688606374000301,5133.74988347099,0.9739469420001114,0.03005199869221542,0.0009320010576630011,0.001652999435464153,0.0022940103008295414,5000,0,scheduled,0,0,0,A-amo,,1.6451549999999315,4.399696,5.443546,3.654691,0,huey_suite-20260930T050203Z,2037.3081660000025,3550.513752898405,3681.6313760402227,"{""concurrency"": 16, ""processes"": 1, ""producer"": ""sync"", ""system"": ""huey"", ""visibility_timeout"": 10, ""worker_type"": ""thread""}",5714.85666999979,4037.3081660000025,,,,5550.513752898405,5681.631376040223,,,,huey,5000,747.5398790749314,127.61290322580645,9.940000000000001,46.63296,scheduled
7.0262,5000,,0,5840.209845999198,4102.37685049924,5685.902496999643,5810.987064011188,6.838544394000564,5007.123113314204,0.9985774039996613,0.030447999961324967,0.0009619998309062794,0.002143999154213816,0.003357491314091032,5000,0,scheduled,0,0,0,A-amo,,1.68730800000003,4.403992,5.44359,3.654757,1,huey_suite-20260930T050203Z,2102.375853499325,3685.901472500427,3810.9862017202977,"{""concurrency"": 16, ""processes"": 1, ""producer"": ""sync"", ""system"": ""huey"", ""visibility_timeout"": 10, ""worker_type"": ""thread""}",5840.208362998965,4102.375853499325,,,,5685.901472500427,5810.986201720298,,,,huey,5000,731.1497464850102,129.91935483870967,10.120000000000001,46.751744,scheduled
13.7352,5000,,0,2002.8437450000638,2001.6580604997216,2002.1765389992652,2002.4295186807283,4.025076707999688,2471.042972960757,2.0234370889993443,0.03655399996205233,0.0018640002963365987,0.002605500139907237,0.003006000042660162,5000,0,scheduled,0,0,0,A-amo,,0.7555519999998523,5.782816,2.760172,0.935046,1,huey_suite-20260930T050203Z,1.6557854987695464,2.1744174990999454,2.4267009910363417,"{""concurrency"": 16, ""mode"": ""fast"", ""processes"": 1, ""producer"": ""sync"", ""style"": ""sync"", ""system"": ""blitzq"", ""visibility_timeout"": 10}",2002.8409000005922,2001.6557854987695,,,,2002.1744174991,2002.4267009910361,,,,blitzq,5000,1242.2123509007142,44.17619047619048,2.33,38.637568,scheduled
13.7174,5000,,0,2002.771583998765,2001.6608930000075,2002.1510558502996,2002.3781706208138,4.007360195999354,2492.287664423583,2.00618896099877,0.03819399898929987,0.0018684995666262694,0.0026350007829023525,0.0030960000003688037,5000,0,scheduled,0,0,0,A-amo,,0.7501000000002023,4.627264,2.754903,0.933911,2,huey_suite-20260930T050203Z,1.6591964995313901,2.149090799775877,2.3760178208431175,"{""concurrency"": 16, ""mode"": ""fast"", ""processes"": 1, ""producer"": ""sync"", ""style"": ""sync"", ""system"": ""blitzq"", ""visibility_timeout"": 10}",2002.7692189996742,2001.6591964995314,,,,2002.1490907997759,2002.376017820843,,,,blitzq,5000,1247.7041632024052,43.77619047619048,2.3099999999999996,38.567936,scheduled
7.0262,5000,,0,5764.284266000686,4105.699630000345,5599.33137449898,5729.538554189385,6.742904352999176,5108.140201566068,0.9788298289986415,0.03832299989880994,0.0009619998309062794,0.0014830002328380942,0.0020841997866227805,5000,0,scheduled,0,0,0,A-amo,,1.6462810000000445,4.371224,5.44355,3.654676,2,huey_suite-20260930T050203Z,2105.698723000387,3599.3303680004833,3729.5376424899227,"{""concurrency"": 16, ""processes"": 1, ""producer"": ""sync"", ""system"": ""huey"", ""visibility_timeout"": 10, ""worker_type"": ""thread""}",5764.283294000052,4105.698723000387,,,,5599.330368000483,5729.537642489922,,,,huey,5000,741.520231971858,128.26129032258063,9.99,46.710784,scheduled
7.0268,5000,,0,5911.52227800012,4243.738103999021,5740.879033149213,5878.886079881449,6.887924155998917,5119.996859523792,0.9765630989986676,0.02945199958048761,0.0009619998309062794,0.0014529996406054124,0.00207409899303457,5000,0,scheduled,0,0,0,A-amo,,1.6487289999997756,5.643664,5.443688,3.656219,3,huey_suite-20260930T050203Z,2243.7371469995924,3740.8780925995416,3878.885128480615,"{""concurrency"": 16, ""processes"": 1, ""producer"": ""sync"", ""system"": ""huey"", ""visibility_timeout"": 10, ""worker_type"": ""thread""}",5911.521195001114,4243.737146999592,,,,5740.878092599542,5878.885128480615,,,,huey,5000,725.9081091427723,124.365625,10.0,46.829568,scheduled
13.7112,5000,,0,2002.9879819994676,2001.6663944998072,2002.187226800106,2002.424866148449,4.0144807329998,2482.795490990497,2.0138589819998742,0.03759299943340011,0.0018929986254079267,0.0026849993446376175,0.00319610076985555,5000,0,scheduled,0,0,0,A-amo,,0.7472849999999198,5.949104,2.753154,0.933696,3,huey_suite-20260930T050203Z,1.6645184996377793,2.185369798917236,2.423068448315462,"{""concurrency"": 16, ""mode"": ""fast"", ""processes"": 1, ""producer"": ""sync"", ""style"": ""sync"", ""system"": ""blitzq"", ""visibility_timeout"": 10}",2002.9861479997635,2001.6645184996378,,,,2002.1853697989172,2002.4230684483152,,,,blitzq,5000,1245.4910940035265,43.77619047619048,2.3100000000000005,38.719488,scheduled
13.6356,5000,,0,2004.2950810002367,2002.6886900004683,2003.3167286514072,2003.591551649206,3.9896263989994623,2514.261774029743,1.9886552990010387,0.0352080005541211,0.001893999069579877,0.002685001163627021,0.003166000169585459,5000,0,scheduled,0,0,0,A-amo,,0.735381999999845,4.660224,2.731002,0.930097,4,huey_suite-20260930T050203Z,2.686751999135595,3.3155636004266853,3.58943216942862,"{""concurrency"": 16, ""mode"": ""fast"", ""processes"": 1, ""producer"": ""sync"", ""style"": ""sync"", ""system"": ""blitzq"", ""visibility_timeout"": 10}",2004.2926870009978,2002.6867519991356,,,,2003.3155636004265,2003.5894321694286,,,,blitzq,5000,1253.2501793285517,43.21904761904762,2.2800000000000002,38.866944,scheduled
7.0262,5000,,0,5736.415588000455,4084.3825740003012,5571.842201251184,5702.159583760858,6.710673898998721,5131.142036028145,0.9744419399994513,0.0421109998569591,0.0009420000424142927,0.0014420501429412982,0.0020740008039865643,5000,0,scheduled,0,0,0,A-amo,,1.6370649999998932,4.366112,5.443556,3.654653,4,huey_suite-20260930T050203Z,2084.381636999751,3571.8413217506168,3702.1587200599793,"{""concurrency"": 16, ""processes"": 1, ""producer"": ""sync"", ""system"": ""huey"", ""visibility_timeout"": 10, ""worker_type"": ""thread""}",5736.414446000708,4084.381636999751,,,,5571.841321750617,5702.15872005998,,,,huey,5000,745.0816527898986,126.97419354838709,9.89,46.608384,scheduled
9.0842,5000,,0,2017.99277399914,2011.675756999466,2016.9820548999269,2017.6785325510355,2.123623872999815,38855.68605804502,0.12868129499838687,0.03130000004603062,0.00046099921746645123,0.0008510513907822317,0.0021561904031841806,5000,0,scheduled,0,0,0,B-amo,,0.08750800000007075,6.189032,1.839461,0.748408,0,huey_suite-20260930T050203Z,11.675311499857344,16.981610398761404,17.67807135001931,"{""concurrency"": 200, ""mode"": ""fast"", ""processes"": 4, ""producer"": ""batch"", ""producers"": 4, ""style"": ""async"", ""system"": ""blitzq"", ""visibility_timeout"": 10}",2017.992332999711,2011.6753114998573,,,,2016.9816103987612,2017.6780713500193,,,,blitzq,5000,2354.4659031060137,4.876923076923077,0.1599999999999998,154.27584,scheduled
7.0518,5000,,0,3499.754390000817,2914.648448000662,3447.199431000081,3489.5887683301953,4.032415588000731,9374.145312300405,0.5333819600000425,0.043492998884175904,0.0010320000001229346,0.0018830513909051663,0.0025949993869289756,5000,0,scheduled,0,0,0,B-amo,,1.5792320000000473,5.630688,5.449798,3.632896,0,huey_suite-20260930T050203Z,914.6474910003235,1447.198525499607,1489.5878113311483,"{""concurrency"": 16, ""processes"": 4, ""producers"": 4, ""system"": ""huey"", ""visibility_timeout"": 10, ""worker_type"": ""thread""}",3499.7534590002033,2914.6474910003235,,,,3447.198525499607,3489.5878113311483,,,,huey,5000,1239.9515602703532,122.62,6.200000000000001,176.320512,scheduled
7.0532,5000,,0,3543.7441949998174,3114.791764000074,3505.6587186005345,3539.256582520411,4.28212665799947,6765.628296589172,0.7390296629982913,0.04338300095696468,0.0010120002116309479,0.0017729999854054768,0.002483999214746291,5000,0,scheduled,0,0,0,B-amo,,1.7464679999998225,6.265256,5.450009,3.62876,1,huey_suite-20260930T050203Z,1114.7905970001375,1505.6578170991088,1539.2556009112195,"{""concurrency"": 16, ""processes"": 4, ""producers"": 4, ""system"": ""huey"", ""visibility_timeout"": 10, ""worker_type"": ""thread""}",3543.743173000621,3114.7905970001375,,,,3505.657817099109,3539.2556009112195,,,,huey,5000,1167.6441168921208,96.36363636363636,5.359999999999999,174.587904,scheduled
9.0816,5000,,0,2013.1230530005269,2008.7829459989734,2012.301500749436,2012.8131356098309,2.066627427999265,70233.50815483967,0.07119108999904711,0.013326000043889508,0.0004610010364558548,0.0007710004865657538,0.001873100645752859,5000,0,scheduled,0,0,0,B-amo,,0.07988799999998264,4.974624,1.839486,0.748189,1,huey_suite-20260930T050203Z,8.782469999459863,12.30104824917362,12.812684609598364,"{""concurrency"": 200, ""mode"": ""fast"", ""processes"": 4, ""producer"": ""batch"", ""producers"": 4, ""style"": ""async"", ""system"": ""blitzq"", ""visibility_timeout"": 10}",2013.121809999575,2008.7824699994599,,,,2012.3010482491734,2012.8126846095981,,,,blitzq,5000,2419.400774546276,5.199999999999999,0.17000000000000015,153.440256,scheduled
9.068,5000,,0,2021.281319000991,2015.9476649996577,2020.6277572002364,2021.0186451301345,2.0643117560011888,76268.74157427595,0.0655576570006815,0.5557000004046131,0.00046000059228390455,0.0007609996828250587,0.0015630993948434501,5000,0,scheduled,0,0,0,B-amo,,0.07790700000009565,5.006816,1.832593,0.747253,2,huey_suite-20260930T050203Z,15.947199000038381,20.627270150816912,21.018014049113848,"{""concurrency"": 200, ""mode"": ""fast"", ""processes"": 4, ""producer"": ""batch"", ""producers"": 4, ""style"": ""async"", ""system"": ""blitzq"", ""visibility_timeout"": 10}",2021.2808880005468,2015.9471990000384,,,,2020.627270150817,2021.0180140491136,,,,blitzq,5000,2422.1147728604615,4.584615384615384,0.15000000000000002,153.276416,scheduled
7.0526,5000,,0,3501.5060660007293,3056.7398969997157,3468.1037702998765,3497.8978835809,4.211380463999376,7039.120854567363,0.7103159760008566,0.0479219997941982,0.0010120002116309479,0.0017539988220960367,0.0024249984744528774,5000,0,scheduled,0,0,0,B-amo,,1.711137000000008,5.666432,5.449907,3.627276,2,huey_suite-20260930T050203Z,1056.7378534988165,1468.1027367998468,1497.8969210810646,"{""concurrency"": 16, ""processes"": 4, ""producers"": 4, ""system"": ""huey"", ""visibility_timeout"": 10, ""worker_type"": ""thread""}",3501.504683001258,3056.7378534988165,,,,3468.1027367998468,3497.8969210810646,,,,huey,5000,1187.2591523710742,99.91428571428571,5.31,173.801472,scheduled
7.0526,5000,,0,3552.0278820004023,3048.351104000176,3496.2591129996326,3543.1898418386304,4.167003145999843,8121.352009484013,0.6156610369998816,0.0449659983132733,0.0010519997886149213,0.0017644495528657007,0.002415201270196126,5000,0,scheduled,0,0,0,B-amo,,1.6581590000000688,5.694952,5.449923,3.630018,3,huey_suite-20260930T050203Z,1048.349996500292,1496.2579635011934,1543.188696528887,"{""concurrency"": 16, ""processes"": 4, ""producers"": 4, ""system"": ""huey"", ""visibility_timeout"": 10, ""worker_type"": ""thread""}",3552.026500001375,3048.349996500292,,,,3496.2579635011934,3543.188696528887,,,,huey,5000,1199.903101777065,105.70952380952382,5.620000000000001,174.26432,scheduled
9.0706,5000,,0,2021.1947719999444,2015.7695799998692,2020.2839918490101,2020.8768829195649,2.0619674139998097,73907.42651248212,0.06765220000124827,0.014498000382445753,0.0004809990059584379,0.0008110000635497272,0.0015431014071509732,5000,0,scheduled,0,0,0,B-amo,,0.07896200000004683,5.749856,1.836042,0.747481,3,huey_suite-20260930T050203Z,15.769068500048888,20.28332184845567,20.876361819155136,"{""concurrency"": 200, ""mode"": ""fast"", ""processes"": 4, ""producer"": ""batch"", ""producers"": 4, ""style"": ""async"", ""system"": ""blitzq"", ""visibility_timeout"": 10}",2021.19427100115,2015.769068500049,,,,2020.2833218484554,2020.876361819155,,,,blitzq,5000,2424.8685823317583,4.2846153846153845,0.14000000000000012,154.169344,scheduled
9.0854,5000,,0,2016.9045080001524,2008.7251644999924,2016.0017151516513,2016.620133629658,2.1259652219996497,38402.23005781649,0.13020077199871594,0.014298000678536482,0.00046099921746645123,0.000772000930737704,0.0021043013839516854,5000,0,scheduled,0,0,0,B-amo,,0.0857659999999214,4.980664,1.839048,0.748443,4,huey_suite-20260930T050203Z,8.724688500478806,16.00121515111823,16.619713620457333,"{""concurrency"": 200, ""mode"": ""fast"", ""processes"": 4, ""producer"": ""batch"", ""producers"": 4, ""style"": ""async"", ""system"": ""blitzq"", ""visibility_timeout"": 10}",2016.904047000935,2008.7246885004788,,,,2016.0012151511185,2016.6197136204573,,,,blitzq,5000,2351.872903780184,5.476923076923077,0.18000000000000016,153.145344,scheduled
7.0494,5000,,0,3419.606653000301,2854.7928945008607,3371.347003900064,3413.7118062301124,3.9423878449997574,9554.826857737164,0.523295720000533,0.027783999030361883,0.0010320000001229346,0.001883049662865233,0.002435001078993082,5000,0,scheduled,0,0,0,B-amo,,1.5700709999998708,5.58304,5.449283,3.633107,4,huey_suite-20260930T050203Z,854.791942500924,1371.3459578489164,1413.7108827298653,"{""concurrency"": 16, ""processes"": 4, ""producers"": 4, ""system"": ""huey"", ""visibility_timeout"": 10, ""worker_type"": ""thread""}",3419.605250001041,2854.791942500924,,,,3371.3459578489164,3413.7108827298653,,,,huey,5000,1268.2668972667523,121.35499999999999,6.14,174.46912,scheduled
1.9555,1984,2.0095521670009475,0,6654.221401999166,3789.4860625001456,6378.458493800281,6603.989224239849,7.318091588000243,3011.3166559674382,0.6641613050014712,52.92986900167307,50.12092600009055,50.61737549958707,51.19867312036149,1984,0,crash,16,16,0,A-amo,5.3085394209992955,0.27881300000012743,3.229424,0.370506,0.312532,0,huey_suite-20260930T050203Z,,,,"{""concurrency"": 16, ""mode"": ""fast"", ""processes"": 1, ""producer"": ""sync"", ""style"": ""sync"", ""system"": ""blitzq"", ""visibility_timeout"": 10}",6604.120415999205,3739.3810639996445,,,,6328.353621500718,6553.595434440141,,,,blitzq,2000,271.10893272410544,13.749056603773584,1.98,39.1168,worker-crash
4.1565,1984,2.015143213000556,0,6753.877705001287,3729.797628000597,6443.560027300828,6689.715759510436,7.0980128290011635,5809.20439621323,0.3442812240009516,51.99523900046188,50.11168950022693,50.29770775090583,50.71949311031858,1984,0,crash,16,16,0,A-amo,5.0828696160006075,0.5262029999998958,3.333464,0.959943,0.531013,0,huey_suite-20260930T050203Z,,,,"{""concurrency"": 16, ""processes"": 1, ""producer"": ""sync"", ""system"": ""huey"", ""visibility_timeout"": 10, ""worker_type"": ""thread""}",6703.7776010001835,3679.5593235001434,,,,6393.3231146500475,6639.608041500724,,,,huey,2000,279.51485124029983,15.372549019607844,2.0700000000000003,42.881024,worker-crash
4.149,1984,2.023956867000379,0,6748.5043319993565,3708.2891085001393,6438.106442199842,6679.74298812007,7.097938389999399,5721.136202767703,0.3495809100004408,51.53223799970874,50.11285399996268,50.33292439993602,50.671766160176055,1984,0,crash,16,16,0,A-amo,5.07398152299902,0.512813000000051,3.338648,0.959272,0.530923,1,huey_suite-20260930T050203Z,,,,"{""concurrency"": 16, ""processes"": 1, ""producer"": ""sync"", ""system"": ""huey"", ""visibility_timeout"": 10, ""worker_type"": ""thread""}",6698.385376999795,3658.115836500656,,,,6387.967637899874,6629.642918140817,,,,huey,2000,279.5177826276072,15.9078431372549,2.13,42.717184,worker-crash
1.9945,1984,2.000711021000825,0,6688.6483849993965,3844.8738654997214,6409.965464550623,6639.369582569252,7.365933359000337,2951.3438937015308,0.6776573900006042,52.472094999757246,50.12000850001641,50.6140265493741,51.12858525031697,1984,0,crash,16,16,0,A-amo,5.365222337999512,0.2782630000001518,2.736648,0.373971,0.312698,1,huey_suite-20260930T050203Z,,,,"{""concurrency"": 16, ""mode"": ""fast"", ""processes"": 1, ""producer"": ""sync"", ""style"": ""sync"", ""system"": ""blitzq"", ""visibility_timeout"": 10}",6638.59251500071,3794.7756319999826,,,,6359.722407749905,6589.068849999694,,,,blitzq,2000,269.34807896079815,13.89245283018868,1.9900000000000002,39.215104,worker-crash
1.9605,1984,2.0073414250000496,0,6721.1564049994195,3864.572107499953,6434.661344049437,6665.856452020253,7.398637316000531,2950.6437455588066,0.6778181890003907,52.77577100059716,50.123325999265944,50.65240329959124,51.4672490403791,1984,0,crash,16,16,0,A-amo,5.391295891000482,0.2780450000000201,2.742912,0.370913,0.312346,2,huey_suite-20260930T050203Z,,,,"{""concurrency"": 16, ""mode"": ""fast"", ""processes"": 1, ""producer"": ""sync"", ""style"": ""sync"", ""system"": ""blitzq"", ""visibility_timeout"": 10}",6671.028822000153,3814.456178501132,,,,6384.510140449947,6615.700682459847,,,,blitzq,2000,268.15748836739675,14.266037735849057,2.04,38.916096,worker-crash
4.1495,1984,2.0136296470009256,0,6794.5517799998925,3789.836234500399,6499.248839601023,6744.259772288533,7.14607475000048,5684.724190204798,0.35182005900060176,52.256809000027715,50.11226650003664,50.360069599264534,50.68211814046663,1984,0,crash,16,16,0,A-amo,5.132445102999554,0.5043679999998858,3.338896,0.959285,0.531022,2,huey_suite-20260930T050203Z,,,,"{""concurrency"": 16, ""processes"": 1, ""producer"": ""sync"", ""system"": ""huey"", ""visibility_timeout"": 10, ""worker_type"": ""thread""}",6744.416558000012,3739.6404025002994,,,,6449.036418700052,6694.147400409147,,,,huey,2000,277.634935178906,15.917647058823528,2.13,42.868736,worker-crash
4.149,1985,2.0192154749984184,0,6743.936908000251,3704.651117999674,6445.519155601505,6688.58011399956,7.092040477999035,5742.245033495416,0.34829582999918784,51.85759099913412,50.111623999328,50.36488320038188,50.73980647917779,1985,0,crash,15,15,0,A-amo,5.072825003000617,0.5074550000001636,3.322752,0.959226,0.53089,3,huey_suite-20260930T050203Z,,,,"{""concurrency"": 16, ""processes"": 1, ""producer"": ""sync"", ""system"": ""huey"", ""visibility_timeout"": 10, ""worker_type"": ""thread""}",6693.826585000352,3654.5341659984842,,,,6395.404417600366,6638.48596180047,,,,huey,2000,279.89123950404365,15.672549019607843,2.0999999999999996,42.893312,worker-crash
1.96,1984,2.000334902000759,0,6653.378151999277,3785.24202600056,6379.021371449835,6605.0361436901585,7.33220289000019,2944.865256441587,0.6791482210010145,54.59533400062355,50.123602998610295,50.677871849347866,51.308378950379854,1984,0,crash,16,16,0,A-amo,5.331867987999431,0.28041700000017045,2.719832,0.370928,0.31238,3,huey_suite-20260930T050203Z,,,,"{""concurrency"": 16, ""mode"": ""fast"", ""processes"": 1, ""producer"": ""sync"", ""style"": ""sync"", ""system"": ""blitzq"", ""visibility_timeout"": 10}",6603.241746999629,3735.0155425001503,,,,6328.734060000534,6554.923132690619,,,,blitzq,2000,270.58716592605754,14.041509433962263,2.02,39.190528,worker-crash
1.975,1985,2.01280883400068,0,6685.428365999542,3826.886034999916,6406.091372800438,6636.216855959137,7.349633105000976,3009.1686404444927,0.6646353989999625,54.06927500007441,50.12275100125407,50.669054200989194,51.3614132803923,1985,0,crash,15,15,0,A-amo,5.336824271000296,0.2804960000000847,2.730064,0.372188,0.312443,4,huey_suite-20260930T050203Z,,,,"{""concurrency"": 16, ""mode"": ""fast"", ""processes"": 1, ""producer"": ""sync"", ""style"": ""sync"", ""system"": ""blitzq"", ""visibility_timeout"": 10}",6635.306918999049,3776.77177699843,,,,6355.990390400257,6585.939676280032,,,,blitzq,2000,270.08150905510223,14.11698113207547,2.02,39.211008,worker-crash
4.15,1984,2.0090365519990883,0,6720.071002999248,3715.645668000434,6417.649309800617,6660.534873919551,7.067745602998912,5749.675624877539,0.3478457099990919,51.95050800102763,50.10943400066026,50.28160314941488,50.675799220971385,1984,0,crash,16,16,0,A-amo,5.058709050999823,0.5282119999997121,3.335896,0.959333,0.530938,4,huey_suite-20260930T050203Z,,,,"{""concurrency"": 16, ""processes"": 1, ""producer"": ""sync"", ""system"": ""huey"", ""visibility_timeout"": 10, ""worker_type"": ""thread""}",6669.978960999288,3665.5558219999875,,,,6367.542974350453,6610.416834119696,,,,huey,2000,280.71185798738566,14.98235294117647,2.01,42.872832,worker-crash
3.5169,10000,,0,14.21069299976807,1.6685100008544396,2.3411171989209834,3.5377825995965404,3.630814141999508,2755.3311731171534,3.629327790999014,0.07284099956450518,0.0018940008885692805,0.002835000486811623,0.004629100603779081,10000,0,results,0,0,0,A-amo,,0.994014999999763,6.663824,4.898444,1.329663,0,huey_suite-20260930T050203Z,,,,"{""concurrency"": 16, ""mode"": ""fast"", ""processes"": 1, ""producer"": ""sync"", ""style"": ""sync"", ""system"": ""blitzq"", ""visibility_timeout"": 10}",14.20546299959824,1.6667995005263947,,,,2.3391637511849694,3.536252509002226,,,,blitzq,10000,2754.2032196924706,86.0842105263158,4.11,38.653952,result-storage
4.014,10000,,0,4899.415448000582,2434.9765040005877,4650.505024099947,4850.846356939546,6.757166205999965,5379.557515533498,1.8588889460006612,0.028764001399395056,0.0009420000424142927,0.0015129990060813725,0.0021939995349384844,10000,0,results,0,0,0,A-amo,,1.698763000000099,4.032584,4.755008,2.290325,0,huey_suite-20260930T050203Z,,,,"{""concurrency"": 16, ""processes"": 1, ""producer"": ""sync"", ""system"": ""huey"", ""visibility_timeout"": 10, ""worker_type"": ""thread""}",4899.414446001174,2434.9755974999425,,,,4650.504188099693,4850.845435929732,,,,huey,10000,1479.91031967226,130.8290322580645,10.19,43.118592,result-storage
4.014,10000,,0,4928.778282999701,2450.5058754994025,4677.36393779951,4877.674659789009,6.7748222749996785,5416.0347189956465,1.8463692570003332,0.047030000132508576,0.0009319992386735976,0.001463500393583665,0.0021340101739042443,10000,0,results,0,0,0,A-amo,,1.6989270000001397,4.03636,4.754993,2.291817,1,huey_suite-20260930T050203Z,,,,"{""concurrency"": 16, ""processes"": 1, ""producer"": ""sync"", ""system"": ""huey"", ""visibility_timeout"": 10, ""worker_type"": ""thread""}",4928.776950000611,2450.504988499233,,,,4677.363068749128,4877.673738098765,,,,huey,10000,1476.0534806797532,126.96875,10.21,43.155456,result-storage
3.4932,10000,,0,12.92424599887454,1.868401499450556,3.099694000047748,4.001021271196808,4.11670378099916,2430.1239716981113,4.115016400999593,0.03677099994092714,0.0018930004443973303,0.004518000423558988,0.006021098652126968,10000,0,results,0,0,0,A-amo,,1.1141889999998966,6.65172,4.893464,1.333147,1,huey_suite-20260930T050203Z,,,,"{""concurrency"": 16, ""mode"": ""fast"", ""processes"": 1, ""producer"": ""sync"", ""style"": ""sync"", ""system"": ""blitzq"", ""visibility_timeout"": 10}",12.91964699885284,1.8663344999367837,,,,3.095019999454962,3.9949839805194665,,,,blitzq,10000,2429.127897458999,83.33636363636364,4.61,38.490112,result-storage
3.4348,10000,,0,13.190899000619538,2.0570765000229585,3.5300344502502408,5.427412911503781,4.377225176998763,2285.2296921816796,4.3759277389981435,0.22521199934999458,0.0019630006136139855,0.005420999605121324,0.006833000952610746,10000,0,results,0,0,0,A-amo,,1.1777920000001814,6.660792,4.878889,1.33201,2,huey_suite-20260930T050203Z,,,,"{""concurrency"": 16, ""mode"": ""fast"", ""processes"": 1, ""producer"": ""sync"", ""style"": ""sync"", ""system"": ""blitzq"", ""visibility_timeout"": 10}",13.18630000059784,2.054456501355162,,,,3.52739910076707,5.425818001531299,,,,blitzq,10000,2284.5523352436903,84.68695652173913,4.9,38.842368,result-storage
4.0146,10000,,0,5118.827229998715,2585.491430500042,4866.555610949035,5068.870384758593,7.078834554999048,5099.546812709955,1.9609585649996006,0.20428299831110053,0.0009920004231389612,0.0020245002815499832,0.0028050980836269467,10000,0,results,0,0,0,A-amo,,1.7937529999999242,4.020824,4.755224,2.293339,2,huey_suite-20260930T050203Z,,,,"{""concurrency"": 16, ""processes"": 1, ""producer"": ""sync"", ""system"": ""huey"", ""visibility_timeout"": 10, ""worker_type"": ""thread""}",5118.826287998672,2585.490083498371,,,,4866.553601498708,5068.867665298421,,,,huey,10000,1412.6619180466698,127.80606060606061,10.6,43.02848,result-storage
4.0149,10000,,0,5183.700281999336,2685.651792500721,4925.768225002139,5132.007137078035,7.231289581002784,4883.309686731336,2.0477914860020974,0.21329000082914717,0.001071999577106908,0.00234400067711249,0.003356009074195754,10000,0,results,0,0,0,A-amo,,1.8726809999998295,4.0364,4.755332,2.294825,3,huey_suite-20260930T050203Z,,,,"{""concurrency"": 16, ""processes"": 1, ""producer"": ""sync"", ""system"": ""huey"", ""visibility_timeout"": 10, ""worker_type"": ""thread""}",5183.699039000203,2685.6503045000863,,,,4925.767279001957,5132.005705168632,,,,huey,10000,1382.8792068113073,126.40588235294118,10.8,42.991616,result-storage
3.5516,10000,,0,13.154895998013671,1.6614634987490717,2.2013327017702977,2.475649690713909,3.641323599997122,2747.639610382416,3.6394874939978763,0.0528050004504621,0.0019239996618125588,0.0028050017135683447,0.003206101537216457,10000,0,results,0,0,0,A-amo,,1.0026190000000952,6.650112,4.907648,1.332574,3,huey_suite-20260930T050203Z,,,,"{""concurrency"": 16, ""mode"": ""fast"", ""processes"": 1, ""producer"": ""sync"", ""style"": ""sync"", ""system"": ""blitzq"", ""visibility_timeout"": 10}",13.150156999472529,1.6598285001236945,,,,2.1988398502799096,2.4736324810874075,,,,blitzq,10000,2746.2541368220895,82.175,4.13,38.350848,result-storage
3.5378,10000,,0,12.982341002498288,1.6753175004851073,2.2169225510879182,2.460263397442759,3.6413158320028742,2747.2274418148695,3.640033529001812,0.05156399856787175,0.001943997631315142,0.0028359974749037065,0.0032960015232674778,10000,0,results,0,0,0,A-amo,,0.9980639999998857,6.657888,4.904039,1.331811,4,huey_suite-20260930T050203Z,,,,"{""concurrency"": 16, ""mode"": ""fast"", ""processes"": 1, ""producer"": ""sync"", ""style"": ""sync"", ""system"": ""blitzq"", ""visibility_timeout"": 10}",12.978223003301537,1.6736960005800938,,,,2.214613499199913,2.4582845874101626,,,,blitzq,10000,2746.259995387323,82.19,4.13,38.764544,result-storage
4.0143,10000,,0,4976.803325000219,2493.3634025001084,4734.47321625008,4927.599811119871,6.853424624998297,5327.800408354711,1.876947188997292,0.03042900061700493,0.0009609975677449256,0.0015930017980281264,0.002233999111922458,10000,0,results,0,0,0,A-amo,,1.7316740000001118,4.090048,4.755116,2.29188,4,huey_suite-20260930T050203Z,,,,"{""concurrency"": 16, ""processes"": 1, ""producer"": ""sync"", ""system"": ""huey"", ""visibility_timeout"": 10, ""worker_type"": ""thread""}",4976.802363002207,2493.3625105004467,,,,4734.472164748513,4927.598583021972,,,,huey,10000,1459.124532211877,128.475,10.33,42.999808,result-storage
2.0462,10000,,0,60.02206000266597,27.414405998570146,54.013399748691626,58.36913844810624,0.1419462769990787,72201.23448577165,0.13850178700158722,0.04564800110529177,0.0005519978003576398,0.0013419994502328336,0.002925210465036803,10000,0,results,0,0,0,B-amo,,0.07401899999990746,6.955928,4.535603,1.360836,0,huey_suite-20260930T050203Z,,,,"{""concurrency"": 200, ""mode"": ""fast"", ""processes"": 4, ""producer"": ""batch"", ""producers"": 4, ""style"": ""async"", ""system"": ""blitzq"", ""visibility_timeout"": 10}",60.021129000233486,27.413554500526516,,,,54.012594699997614,58.36834664922208,,,,blitzq,10000,70449.18832259972,34.15,0.5199999999999997,154.537984,result-storage
4.0131,10000,,0,694.959080999979,292.3814309997397,656.2701813509193,688.7316826107781,1.7031839449991821,9878.662746491473,1.0122827609993692,0.5862670004717074,0.0014730030670762062,0.002515000232961029,0.0032960015232674778,10000,0,results,0,0,0,B-amo,,1.36286599999994,5.06848,4.755392,2.257529,0,huey_suite-20260930T050203Z,,,,"{""concurrency"": 16, ""processes"": 4, ""producers"": 4, ""system"": ""huey"", ""visibility_timeout"": 10, ""worker_type"": ""thread""}",694.9575079997885,292.3801784982061,,,,656.268973751321,688.7293596404561,,,,huey,10000,5871.356425923098,334.7090909090909,9.35,171.634688,result-storage
4.0135,10000,,0,752.056186000118,352.51265599981707,710.9806518990807,743.4477357722427,1.7209252799984824,10274.113650145448,0.9733199709990004,0.11903800259460695,0.0014230026863515377,0.0024649998522363603,0.003135999577352777,10000,0,results,0,0,0,B-amo,,1.365154000000075,5.07368,4.755513,2.260598,1,huey_suite-20260930T050203Z,,,,"{""concurrency"": 16, ""processes"": 4, ""producers"": 4, ""system"": ""huey"", ""visibility_timeout"": 10, ""worker_type"": ""thread""}",752.0550439985527,352.5112179995631,,,,710.9793498977524,743.4467837713966,,,,huey,10000,5810.82753343528,311.46666666666664,9.48,171.659264,result-storage
2.0441,10000,,0,83.44307700099307,46.99017349958012,79.18062300122983,82.50914721280424,0.13505351999992854,154036.98671556788,0.06491947299946332,0.5360260001907591,0.0005110014171805233,0.001082000380847603,0.0029950988027849256,10000,0,results,0,0,0,B-amo,,0.07167299999991883,6.984216,4.544982,1.365658,1,huey_suite-20260930T050203Z,,,,"{""concurrency"": 200, ""mode"": ""fast"", ""processes"": 4, ""producer"": ""batch"", ""producers"": 4, ""style"": ""async"", ""system"": ""blitzq"", ""visibility_timeout"": 10}",83.44171399949118,46.989577498607105,,,,79.18010199900891,82.50869281255291,,,,blitzq,10000,74044.71945644432,33.68333333333333,0.5100000000000002,154.845184,result-storage
2.0445,10000,,0,60.68663100086269,32.842324500961695,57.109775352000725,59.99328737045289,0.14222765899830847,73720.85561280673,0.13564682499782066,0.25862599795800634,0.0005510009941644967,0.0012920525477966285,0.0032759999157860875,10000,0,results,0,0,0,B-amo,,0.0780369999999948,6.994104,4.545109,1.363488,2,huey_suite-20260930T050203Z,,,,"{""concurrency"": 200, ""mode"": ""fast"", ""processes"": 4, ""producer"": ""batch"", ""producers"": 4, ""style"": ""async"", ""system"": ""blitzq"", ""visibility_timeout"": 10}",60.686180000629975,32.84176950000983,,,,57.10908585060679,59.992816268641036,,,,blitzq,10000,70309.8122434746,34.983333333333334,0.5299999999999998,155.181056,result-storage
4.0134,10000,,0,797.3576850017707,376.7057225013559,751.4688425999339,786.7226070494145,1.787001323998993,9957.5962336685,1.0042584339971654,0.07092699888744392,0.0015529985830653459,0.0028460017347242683,0.00362699938705191,10000,0,results,0,0,0,B-amo,,1.406547000000046,4.991128,4.755499,2.260332,2,huey_suite-20260930T050203Z,,,,"{""concurrency"": 16, ""processes"": 4, ""producers"": 4, ""system"": ""huey"", ""visibility_timeout"": 10, ""worker_type"": ""thread""}",797.3565130014322,376.7034229986166,,,,751.4672361485282,786.721070938802,,,,huey,10000,5595.966754866061,319.175,9.77,171.675648,result-storage
4.0134,10000,,0,814.0087589999894,374.7509254990291,769.492670398722,805.0196860697906,1.787625961998856,10188.110106708631,0.9815363099987735,0.1984409973374568,0.0015330006135627627,0.0026155008526984533,0.003396098654775417,10000,0,results,0,0,0,B-amo,,1.3935509999998885,4.996456,4.755499,2.26072,3,huey_suite-20260930T050203Z,,,,"{""concurrency"": 16, ""processes"": 4, ""producers"": 4, ""system"": ""huey"", ""visibility_timeout"": 10, ""worker_type"": ""thread""}",814.0074969996931,374.7493069986376,,,,769.4912828495944,805.0181089595935,,,,huey,10000,5594.011394205965,321.23333333333335,9.79,171.97056,result-storage
2.052,10000,,0,55.03630000021076,25.119295500189764,51.719285401122754,54.00891702138324,0.17269933900024625,58847.05334770402,0.1699320430016087,0.5485940018843394,0.0005410001904238015,0.001323451760981691,0.003517001459840685,10000,0,results,0,0,0,B-amo,,0.07986699999992197,6.98552,4.547418,1.361522,3,huey_suite-20260930T050203Z,,,,"{""concurrency"": 200, ""mode"": ""fast"", ""processes"": 4, ""producer"": ""batch"", ""producers"": 4, ""style"": ""async"", ""system"": ""blitzq"", ""visibility_timeout"": 10}",55.035769000824075,25.118444000327145,,,,51.717718500549374,54.008132923263474,,,,blitzq,10000,57904.10118469383,33.06666666666667,0.5299999999999996,154.533888,result-storage
2.044,10000,,0,52.75459599943133,33.70537650152983,45.679953049329555,51.373181301278244,0.13866019399938523,89227.03237368,0.1120736590019078,0.04396399890538305,0.0005709989636670798,0.001363001501886174,0.003516997821861878,10000,0,results,0,0,0,B-amo,,0.07486100000005536,6.954168,4.544964,1.363052,4,huey_suite-20260930T050203Z,,,,"{""concurrency"": 200, ""mode"": ""fast"", ""processes"": 4, ""producer"": ""batch"", ""producers"": 4, ""style"": ""async"", ""system"": ""blitzq"", ""visibility_timeout"": 10}",52.75376500139828,33.70467549939349,,,,45.679262100929556,51.37272020027012,,,,blitzq,10000,72118.75096644057,34.333333333333336,0.5199999999999998,155.758592,result-storage
4.0147,10000,,0,831.4305769999919,400.0613530006376,799.0080850475349,822.0480694483922,1.8334654069985845,9736.099375390377,1.0271053750002466,0.14099100008024834,0.0016029989637900144,0.002896002115448937,0.0037571025313809536,10000,0,results,0,0,0,B-amo,,1.4239419999998972,5.003296,4.756005,2.260888,4,huey_suite-20260930T050203Z,,,,"{""concurrency"": 16, ""processes"": 4, ""producers"": 4, ""system"": ""huey"", ""visibility_timeout"": 10, ""worker_type"": ""thread""}",831.4021730002423,400.0600255003519,,,,799.0069634983228,822.046292969062,,,,huey,10000,5454.152536409279,329.7,10.040000000000001,171.966464,result-storage
